results/title,results/features/0/genre_ids,results/features/0/production_companies/0,results/features/0/release_date,results/features/0/vote_average,results/features/0/vote_count,results/features/0/budget,results/features/0/star_popularity,labels
Venom: Let There Be Carnage,878,7505,30/09/2021,7.2,2893,110000000,68.407,TRUE
Shang-Chi and the Legend of the Ten Rings,28,420,01/09/2021,7.9,3514,150000000,25.375,TRUE
Red Notice,28,34081,04/11/2021,6.9,1336,200000000,55.535,FALSE
No Time to Die,12,7576,29/09/2021,7.6,2112,242000000,24.637,TRUE
Ciao Alberto,16,2,12/11/2021,7.7,184,45223,8.828,FALSE
Amina,10752,162630,04/11/2021,7.3,22,250000,0.98,FALSE
After We Fell,10749,6626,01/09/2021,7.3,990,14000000,16.025,TRUE
Eternals,28,420,03/11/2021,7.1,1195,200000000,22.279,TRUE
Dune,878,923,15/09/2021,8,4251,165000000,19.76,TRUE
Free Guy,35,27711,11/08/2021,7.8,3809,110000000,56.571,TRUE
Last Night in Soho,27,10146,21/10/2021,7.6,498,43000000,32.681,FALSE
The Amazing Spider-Man,28,7505,23/06/2012,6.6,13634,215000000,52.569,TRUE
Venom,878,31828,28/09/2018,6.8,12306,116000000,68.407,TRUE
Snake Eyes: G.I. Joe Origins,28,4,22/07/2021,6.8,839,88000000,2.985,FALSE
The Boss Baby: Family Business,16,521,01/07/2021,7.7,1614,82000000,7.919,TRUE
Demon Slayer -Kimetsu no Yaiba- The Movie: Mugen Train,16,5887,16/10/2020,8.4,1874,15800000,7.215,TRUE
Chernobyl 1986,18,5630,15/04/2021,6.4,199,9100000,1.964,FALSE
Gunpowder Milkshake,28,694,14/07/2021,6.5,385,30000000,17.207,FALSE
Luca,16,3,17/06/2021,8,5144,200000000,8.816,FALSE
The Last Warrior: Root of Evil,14,42877,01/01/2021,7,66,8400000,1.881,TRUE
Spider-Man: Far From Home,28,420,28/06/2019,7.5,11034,160000000,45.338,TRUE
Jungle Cruise,12,2,28/07/2021,7.7,3363,200000000,55.535,TRUE
F9,28,333,19/05/2021,7.4,4422,200000000,21.079,TRUE
The Suicide Squad,28,9993,28/07/2021,7.8,4846,180000000,15.302,FALSE
The Amazing Spider-Man 2,28,7505,16/04/2014,6.4,9945,200000000,52.569,TRUE
PAW Patrol: The Movie,16,71738,09/08/2021,7.7,701,26000000,5.661,TRUE
Black Widow,28,420,07/07/2021,7.6,6057,200000000,34.211,TRUE
Halloween Kills,27,33,14/10/2021,6.9,1260,20000000,9.817,TRUE
Space Jam: A New Legacy,16,25120,08/07/2021,7.3,2616,161900000,2.587,FALSE
Spider-Man: Homecoming,28,420,05/07/2017,7.4,17187,175000000,45.338,TRUE
Spider-Man 3,14,5,01/05/2007,6.3,10579,258000000,11.329,TRUE
Ghostbusters: Afterlife,35,5,11/11/2021,7.6,132,75000000,11.331,FALSE
Cruella,35,2,26/05/2021,8.2,6003,200000000,15.796,TRUE
Zone 414,878,76991,03/09/2021,5.7,94,5000000,9.943,FALSE
Mortal Kombat,28,76907,07/04/2021,7.3,4063,20000000,2.213,TRUE
Spider-Man,14,19551,01/05/2002,7.2,14429,139000000,11.329,TRUE
The Croods: A New Age,16,33,25/11/2020,7.6,2650,65000000,12.579,TRUE
Wrath of Man,28,14,22/04/2021,7.8,2681,40000000,31.819,TRUE
Godzilla vs. Kong,28,174,24/03/2021,7.9,7249,200000000,8.354,TRUE
Zack Snyder's Justice League,28,174,18/03/2021,8.4,6873,70000000,9.363,TRUE
King Richard,18,27497,18/11/2021,8.3,74,50000000,18.744,FALSE
The Tomorrow War,28,82819,02/07/2021,8.1,4630,200000000,13.45,FALSE
Avengers: Infinity War,12,420,25/04/2018,8.3,23145,300000000,16.608,TRUE
Cosmic Sin,878,68628,12/03/2021,4.4,366,20000000,19.242,FALSE
The Stronghold,53,694,18/08/2021,7.7,499,14479740,3.216,FALSE
Old,53,33,21/07/2021,6.6,1717,18000000,6.582,TRUE
After,10749,107107,11/04/2019,7.2,6746,14000000,16.025,TRUE
Avatar,28,444,10/12/2009,7.5,24373,237000000,10.722,TRUE
Dynasty Warriors,28,156668,27/04/2021,6.7,72,38504400,9.575,FALSE
Raya and the Last Dragon,10751,2,03/03/2021,8.1,4570,100000000,1.486,TRUE
Spider-Man: Into the Spider-Verse,28,34,06/12/2018,8.4,10210,90000000,2.734,TRUE
Naruto Shippuden the Movie,16,3234,04/08/2007,7.3,387,29000000,4.525,FALSE
Don't Breathe 2,53,768,12/08/2021,7.6,1190,10000000,12.025,TRUE
Knowing,28,491,19/03/2009,6.1,4095,50000000,12.579,TRUE
How I Became a Superhero,878,120768,19/11/2020,6.1,302,18000000,1.15,FALSE
Harry Potter and the Philosopher's Stone,12,174,16/11/2001,7.9,21439,125000000,9.526,TRUE
Resident Evil: Welcome to Raccoon City,27,47,24/11/2021,6.6,18,40000000,13.292,FALSE
The Conjuring: The Devil Made Me Do It,27,12,25/05/2021,7.7,3911,39000000,10.505,TRUE
The Forever Purge,27,3172,30/06/2021,7.4,1430,18000000,6.644,TRUE
Wonder Woman 1984,28,9993,16/12/2020,6.6,6161,200000000,29.755,FALSE
The Marksman,28,80292,15/01/2021,7.1,975,23000000,13.321,FALSE
The Unholy,27,768,31/03/2021,6.9,1431,10000000,7.57,TRUE
Coco,10751,3,27/10/2017,8.2,14863,175000000,0.694,TRUE
The Avengers,878,420,25/04/2012,7.7,25744,220000000,16.608,TRUE
A Quiet Place Part II,878,4,21/05/2021,7.7,3363,61000000,16.151,TRUE
Monster Hunter,28,7220,03/12/2020,6.9,2264,60000000,13.088,FALSE
The Last: Naruto the Movie,28,2883,06/12/2014,7.9,1080,1000000,4.525,TRUE
Tom & Jerry,35,25120,11/02/2021,7.1,1847,50000000,37.68,TRUE
House of Gucci,18,1645,24/11/2021,7.5,27,75000000,7.732,FALSE
Harry Potter and the Chamber of Secrets,12,174,13/11/2002,7.7,17302,100000000,9.526,TRUE
Avengers: Endgame,12,420,24/04/2019,8.3,19567,356000000,16.608,TRUE
Harry Potter and the Goblet of Fire,12,174,16/11/2005,7.8,16347,150000000,9.526,TRUE
Harry Potter and the Deathly Hallows: Part 2,14,174,07/07/2011,8.1,16446,125000000,9.526,TRUE
Soul,16,2,25/12/2020,8.2,7238,150000000,11.305,FALSE
Harry Potter and the Prisoner of Azkaban,12,174,31/05/2004,8,17008,130000000,9.526,TRUE
Hancock,14,41756,01/07/2008,6.3,7704,150000000,18.744,TRUE
Harry Potter and the Deathly Hallows: Part 1,12,174,17/10/2010,7.8,15255,250000000,9.526,TRUE
The SpongeBob Movie: Sponge on the Run,10751,8921,14/08/2020,7.7,2352,60000000,3.99,FALSE
Malignant,27,174,01/09/2021,7,1047,40000000,21.101,FALSE
Harry Potter and the Half-Blood Prince,12,174,07/07/2009,7.7,15326,250000000,9.526,TRUE
Spirit Untamed,16,33,20/05/2021,7.7,297,30000000,14.77,FALSE
Major Grom: Plague Doctor,28,86050,01/04/2021,6.8,351,5000000,1.689,FALSE
Night Teeth,27,84988,20/10/2021,6.7,338,21700000,4.28,FALSE
Roald Dahl's The Witches,10751,11395,25/10/2020,6.5,1970,45,14.354,FALSE
My Hero Academia: Two Heroes,16,2849,03/08/2018,8,684,12000000,6.538,TRUE
Harry Potter and the Order of the Phoenix,12,174,28/06/2007,7.7,15564,150000000,9.526,TRUE
Peter Rabbit 2: The Runaway,10751,5,25/03/2021,7.4,443,45000000,2.107,TRUE
Mulan,12,2,04/09/2020,7,5268,200000000,13.817,FALSE
Crank: High Voltage,28,1632,16/04/2009,6,2132,20000000,31.819,TRUE
Dragon Ball Z: Resurrection 'F',28,7485,18/04/2015,6.8,1247,5000000,3.851,TRUE
The Twilight Saga: Eclipse,12,491,23/06/2010,6.2,7181,68000000,28.263,TRUE
The Maze Runner,28,290,10/09/2014,7.2,14027,34000000,6.752,TRUE
Undisputed III: Redemption,28,50457,22/05/2010,7.5,571,3000000,10.314,FALSE
Hacksaw Ridge,18,50481,07/10/2016,8.2,10200,40000000,52.569,TRUE
Iron Man 2,12,420,28/04/2010,6.8,16988,200000000,16.608,TRUE
Deadpool,28,25,09/02/2016,7.6,25809,58000000,56.571,TRUE
The Wolf of Wall Street,80,14654,25/12/2013,8,18672,100000000,17.509,TRUE
Journey 2: The Mysterious Island,12,10221,19/01/2012,6.1,3314,79000000,55.535,TRUE
Legion,27,3287,21/01/2010,5.8,1941,26000000,5.062,TRUE
Jiu Jitsu,14,141998,20/11/2020,5.1,448,23000000,12.579,FALSE
Sing,10751,6704,23/11/2016,7.1,6315,75000000,9.849,TRUE
Nobody,28,33,18/03/2021,8.3,3685,17000000,7.008,TRUE
Kids Are Back,35,21172,02/06/2021,5.4,28,8116935,0.84,FALSE
Werewolves Within,35,83857,25/06/2021,6.2,200,6500000,2.672,FALSE
Percy Jackson & the Olympians: The Lightning Thief,12,436,01/02/2010,6.2,6043,95000000,5.789,TRUE
Five Feet Apart,10749,84409,14/03/2019,8.4,4489,7000000,4.098,TRUE
The Grinch,16,33,08/11/2018,6.8,2706,75000000,17.327,TRUE
Frozen II,10751,2,20/11/2019,7.3,7777,150000000,8.124,TRUE
Captain America: Civil War,12,420,27/04/2016,7.4,18887,250000000,9.508,TRUE
Toy Story,16,3,30/10/1995,8,14706,30000000,24.633,TRUE
Ted 2,35,44783,25/06/2015,6.3,5927,68000000,21.262,TRUE
The Hobbit: The Battle of the Five Armies,28,174,10/12/2014,7.3,11475,250000000,7.372,TRUE
Teenage Mutant Ninja Turtles,878,2348,07/08/2014,5.9,5644,125000000,14.324,TRUE
How the Grinch Stole Christmas,10751,33,17/11/2000,6.7,5559,123000000,11.514,TRUE
Avengers: Age of Ultron,28,420,22/04/2015,7.3,18831,250000000,16.608,TRUE
Sex and the City,35,1694,12/05/2008,6.6,1712,65000000,4.828,TRUE
The Lion King,10751,2,23/06/1994,8.3,14658,45000000,3.247,TRUE
Ashfall,28,103323,19/12/2019,6.4,331,17700000,7.602,TRUE
Ghostbusters,28,84042,14/07/2016,5.4,5229,144000000,10.307,TRUE
Star Trek,878,4,06/05/2009,7.4,8224,150000000,9.949,TRUE
Shrek,16,521,18/05/2001,7.7,13131,60000000,6.968,TRUE
Spider-Man 2,28,19551,25/06/2004,7.1,11624,200000000,11.329,TRUE
"Monsters, Inc.",16,3,01/11/2001,7.8,14853,115000000,9.99,TRUE
Ninja Assassin,28,923,29/09/2009,6.5,1058,40000000,1.317,TRUE
Pirates of the Caribbean: On Stranger Tides,12,2,14/05/2011,6.5,11398,380000000,18.006,TRUE
Real Steel,28,9195,28/09/2011,6.9,6347,110000000,20.496,TRUE
Battle: Los Angeles,878,5,08/03/2011,5.7,2753,70000000,8.025,TRUE
Fast & Furious Presents: Hobbs & Shaw,28,25998,01/08/2019,6.9,5448,200000000,55.535,TRUE
The Kids Are Alright: Destination Asturias,35,91991,08/07/2021,4.6,35,5308245,1.376,FALSE
The Hangover,35,923,02/06/2009,7.3,13876,35000000,9.837,TRUE
Dawn of the Planet of the Apes,878,22213,26/06/2014,7.3,9117,170000000,9.923,TRUE
It Chapter Two,27,2723,04/09/2019,6.9,6459,79000000,12.203,TRUE
Frozen,16,2,20/11/2013,7.3,13684,150000000,8.124,TRUE
Chronicle,878,444,01/02/2012,6.8,4152,15000000,8.249,TRUE
Candyman,27,21,25/08/2021,6.3,618,25000000,2.744,TRUE
The Last Airbender,28,4,30/06/2010,4.7,3104,150000000,2.625,TRUE
Toy Story 4,10751,2,19/06/2019,7.6,7509,175000000,24.633,TRUE
Bride of Chucky,27,33,16/10/1998,5.9,1314,25000000,8.936,TRUE
Deadpool 2,28,7505,10/05/2018,7.5,13960,110000000,56.571,TRUE
Inception,28,923,15/07/2010,8.3,30291,160000000,17.509,TRUE
Doctor Strange,28,420,25/10/2016,7.4,17792,165000000,17.327,TRUE
Sonic the Hedgehog,28,333,12/02/2020,7.4,7265,85000000,3.199,TRUE
Thor,12,420,21/04/2011,6.8,17333,150000000,13.942,TRUE
Escape Room: Tournament of Champions,27,333,01/07/2021,6.9,744,15000000,5.131,TRUE
The Karate Kid,28,2596,10/06/2010,6.5,4673,40000000,3.903,TRUE
Abraham Lincoln: Vampire Hunter,28,1038,20/06/2012,5.7,2637,69000000,1.613,TRUE
Fifty Shades of Grey,18,10146,11/02/2015,5.9,9885,40000000,7.005,TRUE
The Last Duel,28,127928,13/10/2021,7.7,427,100000000,18.609,FALSE
Este amor es de otro planeta,35,2864,31/03/2021,4.5,2,720000,0.6,FALSE
Ice Age,16,25,10/03/2002,7.3,10540,59000000,2.548,TRUE
G.I. Joe: The Rise of Cobra,12,4,03/08/2009,5.7,3752,175000000,7.92,TRUE
Cell 211,28,7345,06/11/2009,7.5,915,5700000,4.482,TRUE
Cirque du Freak: The Vampire's Assistant,12,33,23/10/2009,5.7,843,40000000,1.751,FALSE
Pixels,28,5,16/07/2015,5.7,6210,88000000,9.491,TRUE
Chaos Walking,878,80680,24/02/2021,6.8,1374,125000000,45.338,FALSE
Grown Ups,35,5,24/06/2010,6.3,4674,80000000,9.491,TRUE
Child's Play,27,60,08/11/1988,6.6,2047,9000000,3.539,TRUE
Thor: Ragnarok,28,420,25/10/2017,7.6,16768,180000000,13.942,TRUE
Transformers: Age of Extinction,878,22826,25/06/2014,5.9,6416,210000000,21.262,TRUE
Fury,10752,5,15/10/2014,7.5,9487,68000000,21.308,TRUE
Fifty Shades Freed,18,33,17/01/2018,6.7,6595,55000000,7.005,TRUE
Men in Black: International,35,56,12/06/2019,6,3668,110000000,13.942,TRUE
Spiral: From the Book of Saw,27,2061,12/05/2021,6.3,964,20000000,3.527,TRUE
Law Abiding Citizen,18,5257,15/10/2009,7.3,3778,53000000,11.305,TRUE
World War Z,28,3281,20/06/2013,6.8,12501,200000000,21.308,TRUE
Cult of Chucky,27,17009,23/10/2017,5.8,810,6500000,9.302,FALSE
Home Alone 2: Lost in New York,35,25,19/11/1992,6.7,7314,18000000,7.758,TRUE
The Expendables,53,7636,03/08/2010,6.2,6230,80000000,18.24,TRUE
The Croods,16,521,15/03/2013,6.9,5697,135000000,12.579,TRUE
After Porn Ends 2,99,86249,28/03/2017,5.5,185,500000,8.133,FALSE
The King of Fighters,28,7414,26/08/2010,4.8,92,12000000,9.218,FALSE
In Time,28,10104,27/10/2011,6.9,9086,40000000,6.211,TRUE
Ghostbusters II,35,5,16/06/1989,6.5,3197,37000000,10.492,TRUE
Ghostbusters,35,5,08/06/1984,7.4,6888,30000000,10.492,TRUE
Toy Story 2,16,3,30/10/1999,7.6,11046,90000000,24.633,TRUE
Shrek 2,16,7,19/05/2004,7.2,9393,150000000,6.968,TRUE
The Simpsons Movie,16,80853,25/07/2007,7,6469,75000000,10.434,TRUE
Tenet,28,174,22/08/2020,7.3,6343,205000000,2.285,TRUE
Skyfall,28,10761,25/10/2012,7.2,13001,200000000,24.637,TRUE
Scooby-Doo,9648,507,14/06/2002,6,3355,84000000,3.353,TRUE
Iron Man 3,28,420,18/04/2013,6.9,18589,200000000,16.608,TRUE
Hotel Transylvania 3: Summer Vacation,10751,5,28/06/2018,6.9,3354,80000000,9.491,TRUE
Joker,80,174,02/10/2019,8.2,19120,55000000,5.568,TRUE
Ted,35,33,29/06/2012,6.4,10187,50000000,21.262,TRUE
Pacific Rim,28,101082,11/07/2013,6.8,10132,180000000,8.012,TRUE
Seed of Chucky,27,11050,11/11/2004,5.5,1094,12000000,9.302,TRUE
Big Hero 6,12,2,24/10/2014,7.8,13153,165000000,3.541,TRUE
Ratatouille,16,3,28/06/2007,7.8,13238,150000000,9.472,TRUE
Just Go with It,35,5,10/02/2011,6.6,4443,80000000,9.491,TRUE
Breathless,80,159323,11/08/2021,5.9,32,1200000,0.84,FALSE
Terminator Salvation,28,5,20/05/2009,6,5141,200000000,14.445,TRUE
Love & Other Drugs,18,711,22/11/2010,7,3993,30000000,12.898,TRUE
The Hobbit: An Unexpected Journey,12,21,26/11/2012,7.3,15376,250000000,7.372,TRUE
Ready Player One,878,56,28/03/2018,7.6,12202,175000000,4.758,TRUE
2012,28,5,10/10/2009,5.8,10026,200000000,7.774,TRUE
Iron Man,28,420,30/04/2008,7.6,21661,140000000,16.608,TRUE
TEKKEN,80,5882,20/03/2010,5.4,517,30000000,2.209,FALSE
The Lion King,12,2,12/07/2019,7.2,8051,260000000,5.027,TRUE
Charlie and the Chocolate Factory,12,79,13/07/2005,7,11933,150000000,18.006,TRUE
The Proposal,35,12536,01/06/2009,7.1,5104,40000000,9.315,TRUE
Peninsula,28,20064,15/07/2020,6.9,1726,17000000,2.916,TRUE
The Conjuring,27,31375,20/03/2013,7.5,8870,13000000,16.961,TRUE
The Parent Trap,35,2,28/07/1998,7.1,3073,15000000,4.813,TRUE
Zack and Miri Make a Porno,35,2599,18/09/2008,6.3,1770,24000000,4.185,TRUE
Predators,878,1302,03/07/2010,6.2,2990,40000000,10.884,TRUE
Spectre,28,5,26/10/2015,6.5,8713,245000000,24.637,TRUE
Those Who Wish Me Dead,53,13240,05/05/2021,6.9,939,20000000,15.542,TRUE
Warrior,18,1632,09/09/2011,7.8,3443,25000000,5.526,FALSE
San Andreas,28,12,27/05/2015,6.2,6894,110000000,55.535,TRUE
Me Before You,18,12,01/06/2016,7.9,9532,20000000,11.097,TRUE
Public Enemies,80,7295,01/07/2009,6.7,3458,100000000,18.006,TRUE
Call Me by Your Name,10749,16017,01/09/2017,8.3,9638,4000000,19.76,TRUE
Coraline,16,10146,05/02/2009,7.8,5383,60000000,7.951,TRUE
Ponyo,16,10342,19/07/2008,7.7,3006,41677699,0.972,TRUE
Dirty Grandpa,35,73666,20/01/2016,5.9,3632,11500000,9.064,TRUE
John Wick: Chapter 3 - Parabellum,28,491,15/05/2019,7.4,7405,55000000,30.496,TRUE
Willy's Wonderland,28,831,12/02/2021,6.5,393,5000000,12.579,FALSE
Inglourious Basterds,18,308,19/08/2009,8.2,17789,70000000,21.308,TRUE
American Pie Presents: The Book of Love,35,33,18/06/2009,5.3,1392,7000000,3.452,FALSE
The Town,80,923,15/09/2010,7.2,3787,37000000,9.363,TRUE
Mulan,16,6125,18/06/1998,7.9,7666,90000000,6.143,TRUE
The Twilight Saga: Breaking Dawn - Part 2,12,491,13/11/2012,6.5,7368,120000000,28.263,TRUE
Birds of Prey (and the Fantabulous Emancipation of One Harley Quinn),28,174,05/02/2020,7,8276,75000000,15.302,TRUE
Prometheus,878,444,30/05/2012,6.5,9826,130000000,12.107,TRUE
John Carter,28,2,07/03/2012,6.2,4491,250000000,4.648,TRUE
The Lord of the Rings: The Fellowship of the Ring,12,12,18/12/2001,8.4,20050,93000000,7.521,TRUE
Bad Boys for Life,53,5,15/01/2020,7.2,6662,90000000,18.744,TRUE
Clash of the Titans,12,80,31/03/2010,5.9,5069,125000000,10.722,TRUE
Fifty Shades Darker,18,33,08/02/2017,6.5,6487,55000000,7.005,TRUE
Thor: The Dark World,28,420,30/10/2013,6.6,14110,170000000,13.942,TRUE
Captain Marvel,28,420,06/03/2019,6.9,12210,152000000,9.317,TRUE
Cinderella,10751,2,22/02/1950,7,5409,2900000,3.147,TRUE
Ice Age: Dawn of the Dinosaurs,16,9383,26/06/2009,6.7,6583,90000000,2.548,TRUE
Jurassic World,28,56,06/06/2015,6.7,17387,150000000,13.45,TRUE
The Magnificent Seven,12,1423,14/09/2016,6.3,4820,90000000,14.704,TRUE
Captain America: The First Avenger,28,420,22/07/2011,7,17681,140000000,9.508,TRUE
Let's Be Cops,35,28787,13/08/2014,6.4,2220,17000000,3.462,TRUE
The Green Knight,12,41077,29/07/2021,6.6,576,15000000,7.435,TRUE
Maleficent: Mistress of Evil,10751,2,16/10/2019,7.4,4762,185000000,15.542,TRUE
The Hunger Games: Mockingjay - Part 1,878,1632,19/11/2014,6.8,13072,125000000,14.078,TRUE
Corpse Bride,10749,8601,12/09/2005,7.5,6778,40000000,18.006,TRUE
Train to Busan,28,20064,20/07/2016,7.8,5236,8820000,14.463,TRUE
Interstellar,12,923,05/11/2014,8.4,27106,165000000,9.849,TRUE
Angels & Demons,53,5,13/05/2009,6.7,5535,150000000,24.633,TRUE
John Wick: Chapter 2,53,3528,08/02/2017,7.3,9660,40000000,30.496,TRUE
Grown Ups 2,35,5,11/07/2013,6.1,3231,80000000,9.491,TRUE
Twilight,14,491,20/11/2008,6.3,11077,37000000,28.263,TRUE
Black Panther,28,420,13/02/2018,7.4,18204,200000000,9.138,TRUE
The Nightmare Before Christmas,14,8601,09/10/1993,7.8,7150,24000000,3.811,TRUE
Jumanji: The Next Level,12,5,04/12/2019,7,6427,125000000,55.535,TRUE
The Hangover Part II,35,923,25/05/2011,6.4,8517,80000000,9.837,TRUE
Snow White and the Seven Dwarfs,14,3166,04/02/1938,7.1,5924,1488423,1.92,TRUE
Twist,80,127834,22/01/2021,6.1,124,2000000,0.6,FALSE
Titanic,18,4,18/11/1997,7.9,20098,200000000,17.509,TRUE
Prince of Persia: The Sands of Time,12,2,19/05/2010,6.2,5558,150000000,12.898,TRUE
Blitz,80,9987,20/05/2011,6.1,1221,15774948,31.819,FALSE
Taken 3,53,6896,16/12/2014,6.2,4663,48000000,13.321,TRUE
Wrath of the Titans,14,3528,28/03/2012,5.7,3393,150000000,10.722,TRUE
The New Mutants,27,7505,26/08/2020,6.3,2406,67000000,6.221,FALSE
Jonah Hex,28,174,18/06/2010,4.9,1104,47000000,13.337,FALSE
Space Sweepers,18,11589,05/02/2021,7.2,683,21000000,4.397,FALSE
Men in Black 3,28,5,23/05/2012,6.5,8546,225000000,18.744,TRUE
The Hobbit: The Desolation of Smaug,14,174,11/12/2013,7.6,10513,250000000,7.372,TRUE
Pirates of the Caribbean: Dead Man's Chest,12,2,06/07/2006,7.3,12795,200000000,18.006,TRUE
Jurassic World: Fallen Kingdom,28,56,06/06/2018,6.6,9351,170000000,13.45,TRUE
The Hangover Part III,35,3527,23/05/2013,6.2,7060,103000000,9.837,TRUE
The Polar Express,16,1867,10/11/2004,6.7,4780,165000000,24.633,TRUE
Den of Thieves,28,2995,18/01/2018,6.7,2166,30000000,13.78,TRUE
The Secret Life of Pets 2,12,33,24/05/2019,7,2315,80000000,9.472,TRUE
Guardians of the Galaxy Vol. 2,12,420,19/04/2017,7.6,17427,200000000,13.45,TRUE
Child's Play,27,87671,19/06/2019,6,1428,10000000,6.774,TRUE
Toy Story 3,16,3,16/06/2010,7.8,11932,200000000,24.633,TRUE
Machine Gun Preacher,28,8852,23/09/2011,6.7,759,30000000,13.78,FALSE
The Lord of the Rings: The Two Towers,12,12,18/12/2002,8.4,17325,79000000,7.521,TRUE
The Fate of the Furious,28,33,12/04/2017,6.9,8623,250000000,21.079,TRUE
The Lord of the Rings: The Return of the King,12,12,01/12/2003,8.5,18620,94000000,7.521,TRUE
Cars 3,16,3,15/06/2017,6.9,4240,175000000,1.285,TRUE
The Little Mermaid,16,2,17/11/1989,7.4,6179,40000000,1.96,TRUE
Maleficent,14,2,28/05/2014,7.1,11269,180000000,15.542,TRUE
Spirit: Stallion of the Cimarron,37,521,24/05/2002,7.7,3617,80000000,18.609,TRUE
Universal Soldier: Regeneration,12,21897,01/10/2009,5.6,322,14000000,13.147,FALSE
Salt,28,11845,21/07/2010,6.4,4406,110000000,15.542,TRUE
Cherry,18,106544,26/02/2021,7.5,800,40000000,45.338,FALSE
The Tax Collector,28,10246,07/08/2020,5.7,332,30000000,1.236,FALSE
Southpaw,28,8151,24/03/2015,7.4,4532,30000000,12.898,TRUE
Curse of Chucky,27,17009,04/10/2013,5.9,1135,5000000,9.302,FALSE
Scary Movie,35,10958,07/07/2000,6.3,5192,19000000,11.66,TRUE
Pirates of the Caribbean: At World's End,12,130,19/05/2007,7.2,11461,300000000,18.006,TRUE
Transformers: The Last Knight,28,22826,16/06/2017,6.1,4726,217000000,21.262,TRUE
Pokémon Detective Pikachu,28,923,03/05/2019,7,5257,150000000,56.571,TRUE
District 9,878,559,05/08/2009,7.4,7494,30000000,3.707,TRUE
Terminator Genisys,878,82819,23/06/2015,5.9,6937,155000000,17.394,TRUE
A Quiet Place,27,4,03/04/2018,7.4,10963,17000000,16.151,TRUE
Fantastic Beasts and Where to Find Them,12,437,16/11/2016,7.3,15823,180000000,7.631,TRUE
Man of Steel,28,9993,12/06/2013,6.6,12613,225000000,23.239,TRUE
The Little Things,53,174,28/01/2021,6.4,1326,30000000,14.704,FALSE
The Forgotten Battle,10752,122037,05/06/2021,7.3,218,14000000,8.358,FALSE
The Matrix,28,79,30/03/1999,8.2,20258,63000000,30.496,TRUE
Child's Play 2,27,33,09/11/1990,6.2,1257,13000000,2.938,TRUE
"The Chronicles of Narnia: The Lion, the Witch and the Wardrobe",12,2,07/12/2005,7.1,8234,180000000,7.061,TRUE
The Emperor's New Groove,12,6125,15/12/2000,7.6,5193,100000000,4.022,TRUE
The Conjuring 2,27,12,13/05/2016,7.3,6433,40000000,10.505,TRUE
Bohemian Rhapsody,10402,3281,24/10/2018,8,13922,52000000,18.655,TRUE
Shazam!,28,9993,29/03/2019,7.1,7060,80000000,6.567,TRUE
Kung Fu Panda,28,521,04/06/2008,7.2,8862,130000000,9.183,TRUE
The Grey,18,10427,14/09/2011,6.6,3068,25000000,13.321,TRUE
Sex Tape,35,1423,17/07/2014,5.4,3526,40000000,7.129,TRUE
Green Lantern,12,9993,16/06/2011,5.2,5932,200000000,56.571,TRUE
The Incredibles,28,3,27/10/2004,7.7,14545,92000000,3.509,TRUE
Wreck-It Ralph,10751,6125,01/01/2012,7.3,10232,165000000,6.312,TRUE
Garfield,16,1302,10/06/2004,5.6,3012,50000000,10.492,TRUE
12 Rounds,28,1557,19/03/2009,5.9,570,20000000,10.356,FALSE
Taken 2,28,6896,27/09/2012,6.3,5431,45000000,13.321,TRUE
17 Again,35,12,11/03/2009,6.3,4146,20000000,9.064,TRUE
Special Forces,28,24455,02/11/2011,6.7,399,10000000,4.879,FALSE
Child's Play 3,27,33,30/08/1991,5.9,1082,13000000,2.765,TRUE
Hotel Transylvania 2,10751,34,21/09/2015,6.8,4556,80000000,9.491,TRUE
Pirates of the Caribbean: The Curse of the Black Pearl,12,2,09/07/2003,7.8,16674,140000000,18.006,TRUE
Pacific Rim: Uprising,28,923,21/03/2018,6.1,3802,150000000,2.138,TRUE
Cars 2,16,3,11/06/2011,6,5899,200000000,21.902,TRUE
TRON: Legacy,12,76043,14/12/2010,6.4,5764,170000000,1.261,TRUE
Season of the Witch,12,507,07/01/2011,5.4,1924,40000000,12.579,TRUE
Furious 7,28,87857,01/04/2015,7.3,8777,190000000,21.079,TRUE
Ghost Rider: Spirit of Vengeance,28,5,11/12/2011,5,2940,57000000,12.579,TRUE
The First Purge,28,2481,04/07/2018,6,3170,13000000,12.914,TRUE
Parasite,35,4399,30/05/2019,8.5,12550,11363000,2.636,TRUE
Pinocchio,16,3166,23/02/1940,7.1,4627,2600000,1.4,TRUE
Zootopia,16,6125,11/02/2016,7.7,13423,150000000,9.561,TRUE
Need for Speed,28,76043,12/03/2014,6.3,3420,66000000,6.858,TRUE
Unknown,28,264,16/02/2011,6.6,3055,30000000,13.321,TRUE
Yes Man,35,80,09/12/2008,6.6,5318,70000000,11.514,TRUE
Hotel Transylvania,16,5,20/09/2012,7,6992,85000000,9.491,TRUE
Up,16,3,28/05/2009,7.9,16464,175000000,6.459,TRUE
Jack Reacher,80,82819,20/12/2012,6.5,5473,60000000,17.341,TRUE
Stand by Me Doraemon,16,882,08/08/2014,7.3,313,35000000,1.293,TRUE
Chappie,80,5,04/03/2015,6.8,6576,49000000,3.707,TRUE
Super 8,53,11461,08/06/2011,6.7,5439,50000000,3.331,TRUE
Finding Nemo,16,3,30/05/2003,7.8,15677,94000000,8.199,TRUE
The Twilight Saga: Breaking Dawn - Part 1,12,491,16/11/2011,6.2,7260,110000000,28.263,TRUE
The Purge: Election Year,28,729,29/06/2016,6.4,4290,10000000,5.46,TRUE
Incredibles 2,28,2,14/06/2018,7.5,10437,200000000,3.509,TRUE
Tangled,16,6125,24/11/2010,7.6,8957,260000000,3.299,TRUE
Bad Lieutenant: Port of Call - New Orleans,18,925,21/05/2009,6.1,824,25000000,12.579,FALSE
The Fox and the Hound 2,12,5391,09/11/2006,6.1,514,24000000,3.212,FALSE
Blended,35,20788,21/05/2014,6.8,2652,40000000,9.491,TRUE
Sucker Punch,28,923,24/03/2011,6.1,3795,82000000,7.837,TRUE
Stan Helsing,35,2865,27/10/2009,4.2,341,108,7.187,FALSE
Monkey King: Hero Is Back,14,59387,10/07/2015,7,156,10000000,0.6,TRUE
Hitman's Wife's Bodyguard,28,1020,14/06/2021,7,907,50000000,56.571,TRUE
Lilo & Stitch,16,2,21/06/2002,7.5,4746,80000000,3.017,TRUE
That's My Boy,35,7295,14/06/2012,5.7,1363,70000000,9.491,FALSE
Mad Max: Fury Road,28,2537,13/05/2015,7.5,18670,150000000,68.407,TRUE
Dinosaur,10751,6125,19/05/2000,6.5,1893,127500000,4.712,TRUE
Zombieland,35,11733,07/10/2009,7.3,9910,23600000,25.201,TRUE
Pirates of the Caribbean: Dead Men Tell No Tales,12,2,23/05/2017,6.6,9680,230000000,18.006,TRUE
Hansel & Gretel: Witch Hunters,14,4,17/01/2013,6,5682,50000000,20.138,TRUE
The Nun,27,12,05/09/2018,5.8,4934,22000000,2.315,TRUE
Dead Like Me: Life After Death,18,21,17/02/2009,6.2,152,5000000,1.302,FALSE
The Dark Knight Rises,28,9996,16/07/2012,7.8,18602,250000000,14.445,TRUE
Wonder Woman,28,507,30/05/2017,7.3,17087,149000000,29.755,TRUE
Aquaman,28,429,06/07/2018,6.9,11093,160000000,17.408,TRUE
A Bug's Life,12,3,25/11/1998,7,7304,120000000,3.047,TRUE
American Sniper,10752,41624,25/12/2014,7.4,10650,58800000,9.837,TRUE
Ice Age: The Meltdown,16,11749,29/03/2006,6.7,7924,80000000,2.548,TRUE
Lolita,18,7981,27/09/1997,7.1,1169,62000000,4.874,FALSE
A Christmas Carol,16,2,04/11/2009,6.8,3578,200000000,11.514,TRUE
No Strings Attached,35,817,21/01/2011,6.3,3865,25000000,12.407,TRUE
Inside Out,16,3,09/06/2015,7.9,17158,175000000,3.795,TRUE
Tarzan,10751,6125,18/06/1999,7.4,5346,130000000,3.689,TRUE
Beauty and the Beast,10749,6125,22/10/1991,7.7,8051,25000000,0.805,TRUE
Penguins of Madagascar,10751,521,22/11/2014,6.5,3278,132000000,2.998,TRUE
Hitman: Agent 47,28,86352,20/08/2015,5.8,2424,35000000,10.275,TRUE
Conan the Barbarian,12,552,17/08/2011,5.3,1459,90000000,17.408,FALSE
White Snake,10749,67089,11/01/2019,7.8,245,11936735,2.716,TRUE
Despicable Me 2,16,6704,26/06/2013,6.9,9409,76000000,10.33,TRUE
101 Dalmatians,10751,2173,27/11/1996,5.9,2672,54000000,2.759,TRUE
22 Bullets,18,6896,23/03/2010,6.6,912,24000000,5.828,FALSE
Scary Movie 5,35,7405,11/04/2013,4.8,2203,20000000,3.508,TRUE
Ice Age: Continental Drift,16,9383,27/06/2012,6.3,6153,95000000,2.548,TRUE
The Warrior's Way,12,2965,01/12/2010,6.5,411,42000000,1.792,FALSE
The Equalizer,53,41096,24/09/2014,7.2,6895,55000000,14.704,TRUE
Casino Royale,12,7576,14/11/2006,7.5,8474,150000000,24.637,TRUE
A Star Is Born,18,3528,03/10/2018,7.5,9828,36000000,9.837,TRUE
The Addams Family,10751,75234,10/10/2019,6.7,1632,40000000,15.736,TRUE
Shrek Forever After,35,521,16/05/2010,6.3,5657,165000000,6.968,TRUE
Batman v Superman: Dawn of Justice,28,174,23/03/2016,5.9,15273,250000000,9.363,TRUE
Blade Runner 2049,878,79529,04/10/2017,7.5,10156,150000000,6.371,TRUE
Shrek the Third,14,521,17/05/2007,6.2,6993,160000000,6.968,TRUE
Madagascar,10751,520,25/05/2005,6.9,8688,75000000,8.883,TRUE
Apocalypto,28,4564,07/12/2006,7.5,4141,40000000,2.247,TRUE
Pain & Gain,80,4,18/04/2013,6.2,3540,25000000,21.262,TRUE
The Shack,18,491,03/03/2017,7.4,1572,20000000,10.722,TRUE
Colombiana,28,11473,27/07/2011,6.6,2011,40000000,15.501,TRUE
Annabelle Comes Home,27,76907,26/06/2019,6.4,2554,30000000,15.323,TRUE
13 Assassins,12,882,09/09/2010,7.3,791,6000000,2.864,TRUE
Odd Thomas,9648,10843,29/01/2013,6.9,928,27000000,2.914,FALSE
Sausage Party,16,5,11/07/2016,5.7,5959,19000000,4.185,TRUE
Jupiter Ascending,878,450,04/02/2015,5.4,5686,176000003,10.688,TRUE
Beverly Hills Chihuahua,35,2,03/10/2008,5.3,820,20000000,6.041,TRUE
Underdogs,16,5517,18/07/2013,6.5,327,22000000,0.6,TRUE
The French Dispatch,18,23449,21/10/2021,7.4,563,25000000,5.058,TRUE
The Meg,28,56242,09/08/2018,6.2,5556,150000000,31.819,TRUE
Maze Runner: The Scorch Trials,878,12292,09/09/2015,6.7,8514,61000000,6.752,TRUE
Hummingbird,28,1632,07/05/2013,6.2,1290,20000000,31.819,FALSE
Brave,16,2,21/06/2012,7,11061,185000000,6.516,TRUE
Orphan,27,174,24/07/2009,6.9,3843,20000000,16.961,TRUE
State of Play,53,1683,17/04/2009,6.8,1432,60000000,9.54,TRUE
The Gentlemen,28,14,03/12/2019,7.7,3727,22000000,9.849,TRUE
Coming 2 America,35,4,05/03/2021,6.7,1630,60000000,8.248,FALSE
Brothers,18,1632,22/01/2009,7,1922,26000000,11.329,TRUE
Constantine,14,79,08/02/2005,7,5250,100000000,30.496,TRUE
Insurgent,28,491,18/03/2015,6.4,8619,110000000,6.44,TRUE
Wild Card,53,59490,14/01/2015,5.6,1396,30000000,31.819,FALSE
Alien: Covenant,27,1645,09/05/2017,6,6783,97000000,8.925,TRUE
Ralph Breaks the Internet,10751,2,20/11/2018,7.2,5896,175000000,6.312,TRUE
Aladdin,12,2,22/05/2019,7.1,8188,183000000,2.158,TRUE
"I Love You, Beth Cooper",35,2890,10/07/2009,5.9,647,18000000,5.157,FALSE
Titane,18,49934,14/07/2021,6.7,354,6600000,5.309,FALSE
Blood Red Sky,27,5754,23/07/2021,7.1,961,17739525,6.505,FALSE
Confessions of a Shopaholic,35,9195,05/02/2009,6.4,2225,40000000,5.864,TRUE
Scary Movie 2,35,10958,04/07/2001,5.8,3532,45000000,11.66,TRUE
Underworld: Awakening,14,3287,19/01/2012,6.3,3350,70000000,15.552,TRUE
John Wick,28,491,22/10/2014,7.4,15006,20000000,30.496,TRUE
Dragon Ball Super: Broly,28,5542,14/12/2018,7.8,2111,1000000,3.851,TRUE
Logan,28,25,28/02/2017,7.8,16237,97000000,20.496,TRUE
Rise of the Guardians,10751,521,21/11/2012,7.3,5353,145000000,9.949,TRUE
The Purge,878,33,31/05/2013,6.3,6930,3000000,10.169,TRUE
X-Men: Apocalypse,28,431,18/05/2016,6.5,10860,178000000,16.016,TRUE
The Losers,28,1786,23/04/2010,6.3,1342,25000000,7.57,FALSE
Paul,12,33,14/02/2011,6.7,4526,40000000,4.185,TRUE
Bambi,16,3166,14/08/1942,7,4476,858000,1.96,TRUE
The Transporter Refueled,28,6896,02/09/2015,5.5,1197,25000000,7.794,TRUE
The Good Dinosaur,12,3,14/11/2015,6.7,4406,175000000,5.546,TRUE
Wrong Turn 3: Left for Dead,27,47,20/10/2009,5.6,780,3000000,1.27,FALSE
Godzilla: King of the Monsters,878,923,29/05/2019,6.7,4504,170000000,5.429,TRUE
Dumbo,16,3166,22/10/1941,7,3950,812000,3.685,TRUE
Sex and the City 2,35,79,26/05/2010,6.1,1338,100000000,4.828,TRUE
Cloudy with a Chance of Meatballs,16,2251,17/09/2009,6.6,4618,100000000,9.118,TRUE
Megamind,16,521,28/10/2010,6.9,5317,130000000,6.633,TRUE
Brother Bear,12,6125,23/10/2003,7.2,4317,128000000,5.568,TRUE
The Passion of the Christ,18,152,25/02/2004,7.4,3173,30000000,6.31,TRUE
The A-Team,53,10908,09/06/2010,6.4,3718,110000000,13.321,TRUE
The Experiment,53,11341,15/07/2010,6.4,923,21800000,10.884,FALSE
Maze Runner: The Death Cure,878,3672,10/01/2018,7.1,6089,62000000,6.752,TRUE
Ant-Man,878,420,14/07/2015,7.1,16311,130000000,22.509,TRUE
Wrong Turn 2: Dead End,27,25,25/08/2007,6,947,4000000,3.791,FALSE
The Twilight Saga: New Moon,12,491,18/11/2009,6,7563,50000000,28.263,TRUE
Divergent,28,491,14/03/2014,6.9,10871,85000000,6.44,TRUE
Monsters University,16,3,19/06/2013,7,8678,200000000,3.711,TRUE
Rio,16,9383,03/04/2011,6.7,5289,90000000,4.861,TRUE
The Fault in Our Stars,10749,22213,16/05/2014,7.6,9677,12000000,6.44,TRUE
Baby Driver,28,443,28/06/2017,7.5,12563,34000000,4.08,TRUE
Kubo and the Two Strings,16,11537,18/08/2016,7.7,2925,60000000,3.772,TRUE
Limitless,53,7295,08/03/2011,7.2,8622,27000000,9.837,TRUE
Ant-Man and the Wasp,28,420,04/07/2018,7,10454,140000000,22.509,TRUE
White House Down,28,34981,27/06/2013,6.4,3848,150000000,10.688,TRUE
Kaamelott - The First Chapter,12,2902,21/07/2021,7.2,319,17516235,3.261,TRUE
The Intouchables,18,9,02/11/2011,8.3,14005,13000000,2.758,TRUE
Miss Peregrine's Home for Peculiar Children,18,10893,27/09/2016,6.8,8398,110000000,11.628,TRUE
Total Recall,28,85921,02/08/2012,6,4492,125000000,10.006,TRUE
Suicide Squad,28,9993,03/08/2016,5.9,18171,175000000,18.744,TRUE
The SpongeBob SquarePants Movie,10751,4,14/11/2004,6.9,2158,30000000,3.99,TRUE
Skyline,878,12007,11/11/2010,4.9,1239,10000000,5.046,TRUE
The Expendables 3,28,342,04/08/2014,6.2,3954,90000000,18.24,TRUE
Stillwater,18,10039,29/07/2021,7,370,20000000,18.609,FALSE
I'm Not Ashamed,18,85627,21/10/2016,7.5,190,1500000,0.6,TRUE
Lucy,28,6896,25/07/2014,6.4,13554,40000000,34.211,TRUE
A Good Day to Die Hard,28,2735,06/02/2013,5.3,5373,92000000,19.242,TRUE
The Mortal Instruments: City of Bones,14,3287,21/08/2013,6.4,3898,60000000,7.112,TRUE
Kung Fu Panda 3,28,76266,23/01/2016,6.8,4413,145000000,9.183,TRUE
Sicario,28,3528,17/09/2015,7.4,6528,30000000,16.151,TRUE
Knight and Day,28,21845,15/06/2010,6.2,3523,117000000,17.341,TRUE
Megalodon,28,1311,10/08/2018,5.6,192,130178,6.14,FALSE
Spirited Away,16,10342,20/07/2001,8.5,12083,19000000,1.715,TRUE
Rango,16,4,02/03/2011,6.7,5027,135000000,18.006,TRUE
War for the Planet of the Apes,18,25,11/07/2017,7.1,7034,150000000,9.923,TRUE
The Book of Life,16,2787,01/10/2014,7.5,2053,50000000,6.524,TRUE
Hercules,16,6125,20/06/1997,7.5,5897,85000000,7.135,TRUE
White Chicks,35,5,23/06/2004,6.9,2749,37000000,3.276,TRUE
The Angry Birds Movie 2,16,91920,02/08/2019,7.2,1175,65000000,6.759,TRUE
Robin Hood,12,1645,12/05/2010,6.4,3648,200000000,9.54,TRUE
Rampage,28,73118,12/04/2018,6.5,5602,120000000,55.535,TRUE
Cowboys & Aliens,28,7,29/07/2011,5.5,4139,163000000,24.637,TRUE
Ocean's Eight,80,79,07/06/2018,7,6751,70000000,13.449,TRUE
A Dog's Purpose,12,56,19/01/2017,7.6,2579,22000000,4.051,TRUE
Cinderella,10749,2,12/03/2015,6.8,6047,95000000,10.054,TRUE
One Hundred and One Dalmatians,12,3166,25/01/1961,7.1,5018,4000000,2.744,TRUE
Wild Child,35,33,15/08/2008,6.7,1530,20000000,10.417,TRUE
The Other Guys,35,5,06/08/2010,6.3,3220,100000000,6.633,TRUE
Ferdinand,16,9383,09/12/2017,7.2,2263,111000000,10.356,TRUE
The Predator,878,1302,05/09/2018,5.6,3560,88000000,6.774,TRUE
Lockout,28,6896,12/04/2012,5.9,1452,20000000,9.943,TRUE
Sanctum,28,33,03/02/2011,5.9,773,30000000,2.108,TRUE
Sicario: Day of the Soldado,28,3528,27/06/2018,6.9,2549,35000000,5.058,TRUE
A Haunted House,35,10427,11/01/2013,5.7,1348,2500000,4.103,TRUE
How to Train Your Dragon: The Hidden World,16,521,03/01/2019,7.8,4821,129000000,4.437,TRUE
Superman: Doomsday,28,429,18/09/2007,6.7,440,3500000,5.097,FALSE
Descendants 3,10751,3213,02/08/2019,7.9,1160,15000000,11.387,FALSE
Saint Seiya: Legend of Sanctuary,28,5542,21/06/2014,6.4,504,23000000,5.304,FALSE
Death Race 2,28,9137,12/11/2010,5.8,837,7000000,4.461,FALSE
Now You See Me,53,491,29/05/2013,7.4,13175,75000000,25.201,TRUE
Bedtime Stories,14,2,24/12/2008,6.1,2292,80000000,9.491,TRUE
Despicable Me,10751,6704,08/07/2010,7.2,12672,69000000,10.33,TRUE
Zombieland: Double Tap,27,11733,09/10/2019,7,4138,42000000,25.201,TRUE
Cars,16,3,08/06/2006,6.9,11062,120000000,21.902,TRUE
How to Train Your Dragon 2,14,521,05/06/2014,7.7,7749,145000000,4.437,TRUE
Central Intelligence,28,33,15/06/2016,6.4,4606,50000000,15.295,TRUE
Fifty Shades of Black,10749,10427,28/01/2016,4.9,1109,20000000,4.103,TRUE
Movie 43,35,8891,01/01/2013,4.5,1818,6000000,20.496,TRUE
The Incredible Hulk,878,420,12/06/2008,6.2,9201,150000000,10.058,TRUE
Fantasia,16,2,13/11/1940,7.4,2321,2280000,0.6,TRUE
Quantum of Solace,12,7576,31/10/2008,6.3,6239,200000000,24.637,TRUE
Jumanji: Welcome to the Jungle,12,350,09/12/2017,6.8,11208,90000000,55.535,TRUE
Jackass 3D,35,746,15/10/2010,6.6,1015,20000000,3.457,TRUE
The Hunger Games: Mockingjay - Part 2,28,1632,18/11/2015,6.9,10149,160000000,14.078,TRUE
Shutter Island,18,11317,14/02/2010,8.2,18878,80000000,17.509,TRUE
American Reunion,35,33,04/04/2012,6.3,3653,50000000,2.976,TRUE
Annabelle: Creation,27,76907,03/08/2017,6.6,4539,15000000,3.692,TRUE
Igor,16,2879,19/09/2008,5.9,440,25000000,7.774,TRUE
Brian Banks,18,33603,09/08/2019,7.3,118,10,3.287,FALSE
Terminator: Dark Fate,28,574,23/10/2019,6.5,3793,185000000,9.184,TRUE
Miracles from Heaven,18,5,17/03/2016,7.4,922,16000000,5.121,TRUE
Turbo: A Power Rangers Movie,28,2106,27/03/1997,5.7,201,10000000,1.858,TRUE
Star Wars,12,1,25/05/1977,8.2,16307,11000000,7.871,TRUE
13 Hours: The Secret Soldiers of Benghazi,10752,4,14/01/2016,7.2,2576,50000000,9.348,TRUE
The Princess and the Frog,10749,2,08/12/2009,7.1,4207,105000000,7.87,TRUE
Fantastic Beasts: The Crimes of Grindelwald,12,174,14/11/2018,6.9,8526,200000000,7.631,TRUE
Kingsman: The Golden Circle,28,25,20/09/2017,7,8108,104000000,4.375,TRUE
The Hunger Games: Catching Fire,12,1632,15/11/2013,7.4,14414,130000000,14.078,TRUE
Creed II,18,21,21/11/2018,6.9,3963,50000000,10.458,TRUE
Bride Wars,35,711,09/01/2009,6.2,2490,30000000,5.312,TRUE
xXx: Return of Xander Cage,28,88943,13/01/2017,5.8,5032,85000000,21.079,TRUE
Skyscraper,28,34081,11/07/2018,6.3,3947,125000000,55.535,TRUE
9,28,8601,19/08/2009,6.8,2784,30000000,7.521,TRUE
Bumblebee,28,2598,15/12/2018,6.7,4683,135000000,34.777,TRUE
Marley & Me,35,5219,25/12/2008,7.2,3796,60000000,21.902,TRUE
Crawl,53,122323,11/07/2019,6.3,2333,13500000,13.292,TRUE
He's Just Not That Into You,35,19813,06/02/2009,6.5,2944,40000000,4.633,TRUE
Star Wars: The Force Awakens,28,1,15/12/2015,7.3,16381,245000000,10.297,TRUE
WALL·E,16,3,22/06/2008,8.1,15026,180000000,2.274,TRUE
Justice League,28,429,15/11/2017,6.2,10929,300000000,9.363,TRUE
Star Wars: The Rise of Skywalker,28,1,18/12/2019,6.5,7241,250000000,6.807,TRUE
The Jungle Book,10751,3166,18/10/1967,7.3,5058,4000000,1.223,TRUE
Machete,28,10808,01/09/2010,6.3,2587,20000000,8.309,TRUE
Mechanic: Resurrection,28,342,25/08/2016,5.9,2630,40000000,31.819,TRUE
The Man from Nowhere,28,868,04/08/2010,7.7,921,1255000,2.561,TRUE
Spy Kids,28,10807,18/03/2001,5.8,2684,35000000,3.232,TRUE
Mission: Impossible - Ghost Protocol,28,4,07/12/2011,7,7975,145000000,17.341,TRUE
Trolls,10751,521,13/10/2016,6.7,2904,125000000,6.96,TRUE
Insidious,27,7263,13/09/2010,6.9,5216,1500000,13.279,TRUE
X-Men: Days of Future Past,28,7505,15/05/2014,7.5,12907,250000000,20.496,TRUE
Kung Fu Panda 2,16,521,25/05/2011,6.9,5276,150000000,9.183,TRUE
Beauty and the Beast,10751,2,16/03/2017,7,13769,160000000,12.797,TRUE
Captain America: The Winter Soldier,28,420,20/03/2014,7.7,15296,170000000,9.508,TRUE
The Hitman's Bodyguard,53,48738,16/08/2017,6.9,4788,30000000,56.571,TRUE
Split,27,33,15/11/2016,7.3,14437,9000000,16.016,TRUE
Ice Age: Collision Course,12,9383,23/06/2016,6,3560,105000000,2.548,TRUE
Django Unchained,18,308,25/12/2012,8.1,21568,100000000,11.305,TRUE
The Chronicles of Narnia: Prince Caspian,12,2,15/05/2008,6.6,5083,225000000,8.95,TRUE
The Martian,18,1645,30/09/2015,7.7,16310,108000000,18.609,TRUE
Once Upon a Time… in Hollywood,35,437,24/07/2019,7.5,9613,95000000,17.509,TRUE
Edge of Tomorrow,28,41624,27/05/2014,7.6,11129,178000000,17.341,TRUE
American Pie,35,491,09/07/1999,6.5,6179,11000000,2.976,TRUE
Soul Surfer,10751,138269,08/04/2011,7.1,986,18000000,7.409,TRUE
Jack Reacher: Never Go Back,28,82819,19/10/2016,5.8,3753,60000000,17.341,TRUE
The Incredible Burt Wonderstone,35,12,14/03/2013,5.6,1175,30000000,10.33,FALSE
Reminiscence,878,7493,19/08/2021,7,883,68000000,20.496,FALSE
Freddy vs. Jason,27,53063,15/08/2003,6,1866,30000000,5.551,TRUE
Scouts Guide to the Zombie Apocalypse,35,8000,23/10/2015,6.5,1425,15000000,4.758,FALSE
Enchanted,35,2,20/11/2007,6.8,4399,85000000,13.204,TRUE
Dead Silence,27,23019,16/03/2007,6.4,1699,20000000,4.491,TRUE
Kong: Skull Island,28,923,08/03/2017,6.5,8576,185000000,19.487,TRUE
"Big Mommas: Like Father, Like Son",80,508,16/02/2011,5.6,950,32000000,11.96,TRUE
The Fox and the Hound,12,2,10/07/1981,7.1,2556,12000000,3.26,TRUE
The Shining,27,88,23/05/1980,8.2,13653,19000000,10.563,TRUE
The Call of the Wild,12,787,19/02/2020,7.6,2703,109000000,10.297,FALSE
Star Wars: The Last Jedi,878,1,13/12/2017,6.9,12436,200000000,7.871,TRUE
Madagascar 3: Europe's Most Wanted,16,521,06/06/2012,6.6,4876,145000000,8.883,TRUE
Tropic Thunder,28,12379,09/08/2008,6.6,4628,92000000,8.883,TRUE
Madagascar: Escape 2 Africa,10751,521,30/10/2008,6.4,5462,150000000,8.883,TRUE
Teenage Mutant Ninja Turtles: Out of the Shadows,28,47354,01/06/2016,6,2741,135000000,14.324,TRUE
Red Dawn,28,1836,15/03/2012,5.6,1253,65000000,13.942,FALSE
The Exorcist,27,48184,31/05/1973,7.7,5979,8000000,4.025,TRUE
The Three Stooges,35,8890,13/04/2012,5.7,415,30000000,7.735,TRUE
Alita: Battle Angel,28,10807,31/01/2019,7.2,7064,170000000,9.187,TRUE
Wrong Turn 5: Bloodlines,27,491,23/10/2012,5.3,654,3000000,2.123,FALSE
Aladdin,16,2,25/11/1992,7.6,9277,28000000,1.456,TRUE
It,27,41624,06/09/2017,7.2,15843,35000000,11.954,TRUE
The Green Mile,14,97,10/12/1999,8.5,13087,60000000,24.633,TRUE
Sherlock Holmes: A Game of Shadows,12,174,22/11/2011,7.1,8619,125000000,16.608,TRUE
Focus,10749,21914,25/02/2015,6.9,6405,50100000,18.744,TRUE
Anastasia,16,11231,20/11/1997,7.6,4419,53000000,5.851,TRUE
Year One,35,5,18/06/2009,4.9,1433,60000000,9.183,TRUE
The Wizard of Oz,12,21,15/08/1939,7.6,4333,2777000,0.781,TRUE
Dark Phoenix,878,431,05/06/2019,6,4900,200000000,11.434,TRUE
The Curse of La Llorona,27,76907,17/04/2019,5.7,1784,9000000,11.823,TRUE
Pokémon the Movie: Hoopa and the Clash of Ages,10751,12655,18/07/2015,6.7,184,150000000,1.359,FALSE
Don't Look Up,18,125055,07/12/2021,0,0,75000000,17.509,FALSE
One Day,18,5420,02/03/2011,7.4,3350,15000000,14.354,TRUE
Ford v Ferrari,18,25,13/11/2019,8,5231,97600000,14.445,TRUE
Bolt,16,6125,21/11/2008,6.5,4782,150000000,9.8,TRUE
Deep Blue Sea 3,28,139626,25/08/2020,6,183,5000000,11.306,FALSE
The Godfather,18,4,14/03/1972,8.7,15112,6000000,10.065,TRUE
Tooth Fairy,35,444,14/01/2010,5.5,1601,48000000,55.535,TRUE
Don't Breathe,27,3287,08/06/2016,7,5779,9900000,12.025,TRUE
Exodus: Gods and Kings,12,52184,03/12/2014,5.8,3793,140000000,14.445,TRUE
Fight Club,18,508,15/10/1999,8.4,22900,63000000,10.058,TRUE
Wrong Turn,27,53350,30/05/2003,6.3,1909,12600000,3.549,TRUE
Avatar 2,28,1246,14/12/2022,0,0,250000000,10.722,FALSE
How to Train Your Dragon,14,521,10/03/2010,7.8,10458,165000000,4.437,TRUE
Onward,10751,2,29/02/2020,7.8,4667,200000000,45.338,FALSE
Snow White and the Huntsman,12,33,30/05/2012,6,6769,170000000,28.263,TRUE
Rambo: Last Blood,28,1020,19/09/2019,6.5,2855,50000000,18.24,TRUE
Mission: Impossible - Fallout,28,4,13/07/2018,7.4,6236,178000000,17.341,TRUE
Baywatch,35,90835,12/05/2017,6.1,6683,69000000,55.535,TRUE
The Tourist,28,5,08/12/2010,6.2,4491,100000000,18.006,TRUE
The Expendables 2,28,925,08/08/2012,6.3,5487,100000000,18.24,TRUE
3 Idiots,18,3781,23/12/2009,8,1722,9000000,1.769,TRUE
Rush Hour,28,961,18/09/1998,7,3470,33000000,17.745,TRUE
Bound by Honor,28,915,05/02/1993,8.1,832,35000000,2.304,FALSE
The Matrix Reloaded,12,79,15/05/2003,7,8309,150000000,30.496,TRUE
Power Rangers,878,1632,23/03/2017,6.3,3712,100000000,4.492,TRUE
Rise of the Planet of the Apes,53,6332,03/08/2011,7.3,9551,93000000,6.054,TRUE
Seventh Son,12,40890,12/12/2014,5.5,2085,95000000,10.208,TRUE
Olympus Has Fallen,28,1020,20/03/2013,6.3,5487,70000000,13.78,TRUE
Godzilla,28,41624,14/05/2014,6.2,7281,160000000,6.554,TRUE
Peter Pan,16,6,05/02/1953,7.2,4303,4000000,1.242,TRUE
Drive,18,7263,06/08/2011,7.6,9815,15000000,6.371,TRUE
Rio 2,10751,9383,19/03/2014,6.5,2696,103000000,4.861,TRUE
22 Jump Street,80,5,05/06/2014,6.9,6653,50000000,8.342,TRUE
Fantastic Four,28,20478,05/08/2015,4.4,4949,120000000,6.789,TRUE
Spy Kids 3-D: Game Over,28,7405,25/07/2003,5.1,1700,38000000,8.056,TRUE
Annabelle,27,76907,02/10/2014,5.7,4975,6500000,21.101,TRUE
I Am Legend,18,79,12/12/2007,7.2,12710,150000000,18.744,TRUE
Hercules,28,4,23/07/2014,5.7,3386,100000000,55.535,TRUE
Despicable Me 3,28,6704,15/06/2017,6.4,5745,80000000,10.33,TRUE
Howl's Moving Castle,14,10342,19/11/2004,8.4,6827,24000000,2.324,TRUE
Green Lantern: Emerald Knights,28,429,09/04/2011,6.7,386,3500000,9.872,FALSE
The Dark Knight,18,429,14/07/2008,8.5,26251,185000000,14.445,TRUE
Gone Girl,9648,508,01/10/2014,7.9,14992,61000000,9.363,TRUE
Funny People,35,2608,30/07/2009,5.9,972,75000000,9.491,FALSE
The Lone Ranger,28,2,03/07/2013,6.1,4919,215000000,18.006,TRUE
The Great Wall,28,86433,16/12/2016,5.9,4060,150000000,18.609,TRUE
Empire State,28,46961,03/09/2013,5.4,534,11000000,6.138,FALSE
Do You Do You Saint-Tropez,35,694,14/07/2021,4.9,33,16438275,5.389,FALSE
Gifted,10751,89578,12/04/2017,8.1,4134,7000000,9.508,TRUE
(500) Days of Summer,35,43,17/07/2009,7.3,7980,7500000,9.437,TRUE
The Hunger Games,878,1632,12/03/2012,7.2,18535,75000000,14.078,TRUE
Wrong Turn 4: Bloody Beginnings,27,491,17/10/2011,5.7,739,3000000,0.84,FALSE
Knock Knock,18,55497,26/06/2015,5.2,2340,2500000,30.496,TRUE
The Craft,27,5,03/05/1996,6.7,1319,15000000,7.835,TRUE
The Mermaid,35,5635,08/02/2016,6.4,241,60720000,2.599,TRUE
Jennifer's Body,27,2890,18/09/2009,5.8,2786,16000000,14.324,TRUE
Death Race: Inferno,28,9137,04/01/2013,5.8,565,6500000,4.461,FALSE
Transformers: Revenge of the Fallen,878,7,19/06/2009,6.1,6756,200000000,7.624,TRUE
The Notebook,10749,12,25/06/2004,7.9,9150,29000000,11.285,TRUE
Glass,53,33,16/01/2019,6.7,6626,20000000,16.016,TRUE
Parker,28,7215,23/01/2013,6,2485,35000000,31.819,TRUE
Home Alone 3,35,25,12/12/1997,5.3,2309,32000000,2.797,TRUE
Rush Hour 3,28,12,08/08/2007,6.4,2326,140000000,2.974,TRUE
The Revenant,37,77845,25/12/2015,7.5,15158,135000000,17.509,TRUE
Lady and the Tramp,10751,2,22/06/1955,7.1,4223,4000000,1.708,TRUE
The Shawshank Redemption,18,97,23/09/1994,8.7,20171,25000000,3.245,TRUE
The Purge: Anarchy,27,729,17/07/2014,6.7,5359,9000000,12.644,TRUE
Nightcrawler,80,24049,23/10/2014,7.7,8496,8500000,12.898,TRUE
Seeking Justice,28,1205,02/09/2011,5.9,769,17000000,12.579,FALSE
The Equalizer 2,28,41096,19/07/2018,6.6,3726,62000000,14.704,TRUE
Guardians of the Galaxy,28,420,30/07/2014,7.9,23409,170000000,13.45,TRUE
The Princess Switch: Switched Again,10751,2090,19/11/2020,7,642,10000000,15.716,FALSE
The Change-Up,35,33,05/08/2011,6.1,2145,52000000,9.561,TRUE
Paul Blart: Mall Cop,28,46222,15/01/2009,5.4,1965,26000000,5.002,TRUE
The Mummy Returns,12,33,04/05/2001,6.3,5489,98000000,7.902,TRUE
Kingsman: The Secret Service,80,25,13/12/2014,7.6,13646,81000000,3.681,TRUE
Woody Woodpecker,16,5556,05/10/2017,6.7,565,10000000,6.083,FALSE
Red Tails,18,1,19/01/2012,6.5,465,58000000,10.382,FALSE
Desire,18,18519,06/10/2011,5.3,396,1344000,8.999,FALSE
Legend,80,10163,09/09/2015,6.9,2658,25000000,68.407,TRUE
The Heat,28,7076,27/06/2013,6.6,3265,43000000,9.315,TRUE
Taken,28,11845,18/02/2008,7.4,9109,25000000,13.321,TRUE
Alice in Wonderland,16,6125,28/07/1951,7.2,4720,3000000,1.619,TRUE
Love and Monsters,35,2575,16/10/2020,7.4,2692,30000000,6.752,FALSE
The Monkey King,28,9175,09/01/2014,5.7,154,82000000,11.361,FALSE
Dragonball Evolution,28,81135,12/03/2009,2.9,1567,30000000,7.296,TRUE
Riddick,878,1225,02/09/2013,6.3,3301,38000000,21.079,TRUE
Paranormal Activity,27,3172,14/09/2007,6,3961,215000,1.89,TRUE
Role Models,35,28787,07/11/2008,6.5,1398,28000000,4.839,TRUE
Europa Report,878,5703,27/06/2013,6.3,1035,125687,1.289,FALSE
Couples Retreat,35,4403,19/09/2009,5.5,1537,70000000,4.453,TRUE
Underworld: Blood Wars,14,126,24/11/2016,5.8,3041,35000000,15.552,TRUE
The Aristocats,16,2,24/12/1970,7.3,4030,4000000,1.387,TRUE
Escape Plan,28,46961,09/10/2013,6.7,4093,50000000,18.24,TRUE
Greenland,28,47729,29/07/2020,7.2,3076,34000000,13.78,TRUE
Friends with Benefits,10749,97,21/07/2011,6.7,6540,35000000,6.211,TRUE
The Adventures of Sharkboy and Lavagirl,12,10807,10/06/2005,5.1,1133,50000000,9.058,TRUE
Source Code,53,1557,30/03/2011,7.3,6571,32000000,12.898,TRUE
The Last Witch Hunter,14,24097,21/10/2015,5.9,2988,90000000,21.079,TRUE
Alice in Wonderland,10751,2,03/03/2010,6.6,11698,200000000,3.313,TRUE
Little Women,18,5,25/12/2019,7.9,4284,40000000,4.414,TRUE
Dumb and Dumber To,35,12,12/11/2014,5.5,2555,40000000,11.514,TRUE
Never Back Down,18,491,04/03/2008,6.7,1836,20000000,9.218,TRUE
Saw,27,2061,01/10/2004,7.4,7023,1200000,4.949,TRUE
Dune,28,10308,14/12/1984,6.3,2004,40000000,3.656,FALSE
42,18,174,12/04/2013,7.1,1405,40000000,9.138,TRUE
A Haunted House 2,35,7625,17/04/2014,6.1,1016,4000000,4.103,TRUE
Cry Macho,37,171,16/09/2021,6.4,301,33000000,15.957,FALSE
The Iron Giant,10751,174,06/08/1999,7.9,4279,70000000,3.883,FALSE
A Walk Among the Tombstones,80,39043,18/09/2014,6.3,2278,28000000,13.321,TRUE
Scary Movie 3,35,10958,24/10/2003,6,3112,48000000,11.66,TRUE
Cinderella II: Dreams Come True,10751,40148,23/02/2002,6.1,1134,5000000,2.141,FALSE
Men in Black,28,5,02/07/1997,7.2,11161,90000000,7.487,TRUE
The Matrix Revolutions,12,79,05/11/2003,6.7,7438,150000000,30.496,TRUE
American Pie 2,35,33,10/08/2001,6.2,3925,30000000,2.976,TRUE
Elysium,878,28788,07/08/2013,6.5,7178,115000000,18.609,TRUE
The Hills Have Eyes,27,43,10/03/2006,6.4,2203,15000000,1.796,TRUE
Mean Girls,35,1756,30/04/2004,7.2,6893,17000000,4.813,TRUE
Ella Enchanted,10751,7692,09/04/2004,6.4,1485,31000000,14.354,FALSE
The Flintstones,14,1353,26/05/1994,5.3,1896,46000000,9.99,TRUE
Superbad,35,5,20/03/2007,7.2,5414,20000000,8.342,TRUE
Creed,18,21,25/11/2015,7.4,5688,37000000,10.458,TRUE
Batman Begins,28,174,10/06/2005,7.7,16864,150000000,14.445,TRUE
The Blind Side,18,174,20/11/2009,7.6,4768,29000000,9.315,TRUE
Easy A,35,3287,16/09/2010,6.8,5708,8000000,15.796,TRUE
Goosebumps 2: Haunted Halloween,12,5,11/10/2018,6.1,1104,35000000,1.88,TRUE
The SpongeBob Movie: Sponge Out of Water,10751,24955,28/01/2015,6.1,1872,74000000,3.99,TRUE
I See You,53,5056,11/09/2019,7,839,3000000,10.369,FALSE
Shark Tale,16,521,20/09/2004,6,5223,75000000,18.744,TRUE
Escape Room,27,333,03/01/2019,6.5,3449,9000000,5.131,TRUE
Men of Honor,18,711,13/09/2000,7.4,1648,82343495,11.681,FALSE
Abominable,10751,521,19/09/2019,7.6,1531,75000000,5.044,TRUE
Now You See Me 2,53,491,02/06/2016,6.8,9093,90000000,4.861,TRUE
The Ten Commandments: The Movie,18,5591,28/01/2016,7.3,223,39307171,1.62,FALSE
Stuart Little,10751,58331,17/12/1999,6,3428,133000000,4.115,TRUE
After Earth,878,5,30/05/2013,5.2,5601,130000000,3.903,TRUE
My Best Friend's Girl,10749,2953,19/09/2008,5.6,559,20000000,2.655,TRUE
Final Destination 3,27,12,09/02/2006,6.1,2879,25000000,15.023,TRUE
30 Minutes or Less,28,5,11/08/2011,5.7,1299,28000000,4.861,TRUE
The Cat in the Hat,10751,33,21/11/2003,5.3,1248,109000000,6.968,TRUE
RED 2,28,435,18/07/2013,6.5,3269,84000000,19.242,TRUE
Final Destination,27,48772,17/03/2000,6.5,4132,23000000,8.269,TRUE
Robin Hood,16,2,08/11/1973,7.3,3499,5000000,1.22,TRUE
Snowpiercer,28,7036,01/08/2013,6.9,7662,39200000,9.508,TRUE
The Watch,35,2575,26/07/2012,5.5,1859,68000000,8.883,TRUE
The BFG,12,2,01/06/2016,6.2,2702,140000000,1.411,TRUE
Kick-Ass,28,5374,22/03/2010,7.1,9736,28000000,6.554,TRUE
Hustlers,18,13184,12/09/2019,6.5,2381,20000000,3.454,TRUE
Halloween,27,33,18/10/2018,6.5,3613,10000000,9.817,TRUE
Goosebumps,12,333,05/08/2015,6.3,3092,58000000,9.183,TRUE
The Texas Chainsaw Massacre,27,10146,21/05/2003,6.2,1916,9500000,10.247,TRUE
Spy Kids 2: The Island of Lost Dreams,28,7405,07/08/2002,5.6,1682,38000000,3.232,TRUE
Ong Bak: Muay Thai Warrior,28,4206,21/01/2003,7.1,1267,1100000,5.583,TRUE
American Pie Presents: The Naked Mile,35,2365,07/12/2006,5.5,1598,15000000,1.456,TRUE
Valerian and the City of a Thousand Planets,12,98007,20/07/2017,6.6,6098,177200000,8.249,TRUE
Bad Boys II,12,10288,18/07/2003,6.6,4239,130000000,18.744,TRUE
Hidden Figures,18,711,10/12/2016,8.1,7334,25000000,4.703,TRUE
No Good Deed,80,49968,10/09/2014,6,509,13200000,16.194,TRUE
Pulp Fiction,53,14,10/09/1994,8.5,22142,8000000,9.8,TRUE
Shanghai Fortress,878,80849,09/08/2019,5.5,79,30000000,1.96,FALSE
A Walk to Remember,18,5367,25/01/2002,7.7,3380,11800000,3.299,TRUE
American Pie Presents: Beta House,35,134,10/12/2007,5.6,1486,10000000,1.456,TRUE
Sinister,27,7625,29/03/2012,6.8,4173,3000000,10.169,TRUE
The NeverEnding Story,18,47,05/04/1984,7.2,3103,27000000,2.458,FALSE
21 Jump Street,28,5,14/03/2012,6.9,8549,42000000,8.342,TRUE
Willy Wonka & the Chocolate Factory,10751,3434,29/06/1971,7.5,2541,3000000,1.905,TRUE
The Mask,10749,552,29/07/1994,6.9,7988,23000000,11.514,TRUE
Never Back Down 2: The Beatdown,18,11341,13/09/2011,6.4,495,3000000,18.113,FALSE
Life As We Know It,35,1894,02/10/2010,6.9,2622,38000000,6.411,TRUE
300: Rise of an Empire,28,923,05/03/2014,6.1,5291,110000000,3.565,TRUE
The Virginity Hit,35,4740,24/09/2010,4.5,55,2000000,5.283,FALSE
Lawless,80,308,29/08/2012,7,2433,26000000,7.624,TRUE
Independence Day: Resurgence,28,25,22/06/2016,5.2,5067,165000000,6.138,TRUE
Paranormal Activity 3,27,4,19/10/2011,5.9,1706,5000000,1.89,TRUE
Dora and the Lost City of Gold,12,2348,08/08/2019,6.8,1316,49000000,14.77,TRUE
Mamma Mia!,35,34441,02/07/2008,7,5252,52000000,14.127,TRUE
Sin City: A Dame to Kill For,80,41658,20/08/2014,6.4,3064,65000000,8.763,FALSE
I Spit on Your Grave,53,5860,17/06/2010,6.5,1652,2000000,5.913,FALSE
From Paris with Love,28,11261,04/02/2010,6.2,1546,52000000,9.8,TRUE
Predator,878,1885,12/06/1987,7.5,5825,15000000,17.394,TRUE
Contraband,53,33,12/01/2012,6.3,1653,25000000,21.262,TRUE
Escape Plan 2: Hades,28,90968,05/06/2018,5.1,1075,20000000,18.24,FALSE
Rambo,28,925,24/01/2008,6.6,2853,50000000,18.24,TRUE
6 Underground,28,82819,10/12/2019,6.3,3451,150000000,56.571,FALSE
Hellboy,14,48738,10/04/2019,5.5,2593,50000000,6.166,FALSE
Troy,12,174,03/05/2004,7.1,8067,175000000,21.308,TRUE
Mission: Impossible - Rogue Nation,28,4,23/07/2015,7.2,7010,150000000,17.341,TRUE
Alvin and the Chipmunks: The Squeakquel,35,711,21/12/2009,5.7,2260,75000000,6.567,TRUE
Men in Black II,28,5,03/07/2002,6.3,8048,140000000,18.744,TRUE
Sweat,18,51112,12/03/2021,6.8,22,1619835,0.6,FALSE
Alvin and the Chipmunks,35,711,13/12/2007,5.8,3525,60000000,6.029,TRUE
Project Almanac,878,7377,28/01/2015,6.6,2031,12000000,1.026,TRUE
Where the Wild Things Are,10751,923,16/10/2009,6.5,1438,100000000,0.919,TRUE
My Neighbor Totoro,14,10342,16/04/1988,8.1,5769,3700000,2.828,TRUE
Bloodshot,28,10246,05/03/2020,6.8,4087,42000000,21.079,FALSE
Angel Has Fallen,28,48738,21/08/2019,6.5,2552,40000000,13.78,TRUE
The Indian in the Cupboard,12,4,14/07/1995,6.4,461,45000000,0.706,FALSE
Night at the Museum: Battle of the Smithsonian,12,2575,20/05/2009,6.1,5615,150000000,8.883,TRUE
Jack Ryan: Shadow Recruit,28,435,15/01/2014,6.1,2322,60000000,9.949,TRUE
G.I. Joe: Retaliation,878,4,27/03/2013,5.6,4719,130000000,55.535,TRUE
Arrival,18,7493,10/11/2016,7.6,14418,47000000,13.204,TRUE
Saving Private Ryan,18,4,24/07/1998,8.2,12373,70000000,24.633,TRUE
28 Days Later,27,284,31/10/2002,7.2,5051,5000000,21.342,TRUE
The Devil Wears Prada,35,711,30/06/2006,7.4,9664,35000000,14.354,TRUE
Terminator 2: Judgment Day,28,559,03/07/1991,8.1,9853,102000000,17.394,TRUE
Tracers,28,41649,15/01/2015,6.1,938,11000000,9.058,FALSE
War of the Arrows,18,7819,10/08/2011,7.1,178,8000000,3.24,TRUE
Independence Daysaster,28,62511,27/06/2013,4.5,61,1800000,1.669,FALSE
Dark Shadows,35,8601,09/05/2012,6,5942,150000000,18.006,TRUE
Self/less,878,11092,10/07/2015,6.4,2474,26000000,56.571,TRUE
Ghost in the Shell,28,528,18/11/1995,7.9,2381,3000000,4.558,FALSE
Killer Elite,28,10427,22/09/2011,6.3,1660,66000000,31.819,FALSE
Teeth,35,3568,17/06/2007,5.2,534,2000000,2.898,TRUE
Undisputed,28,14,17/07/2002,6.5,499,20000000,7.841,FALSE
"Paul, Apostle of Christ",18,81520,23/03/2018,7.4,234,5000000,6.31,TRUE
Ghost in the Shell,878,93466,29/03/2017,6,6776,110000000,34.211,TRUE
Insidious: Chapter 2,27,7263,12/09/2013,6.7,3234,5000000,10.505,TRUE
Piranha,27,1950,03/08/1978,5.9,433,660000,1.697,TRUE
Ender's Game,878,31825,24/10/2013,6.6,4734,110000000,15.636,TRUE
Gladiator,28,33,01/05/2000,8.2,14387,103000000,9.54,TRUE
The Protector,28,8211,11/08/2005,7.1,600,6000000,5.583,TRUE
In the Name of the King 2: Two Worlds,12,22793,03/11/2011,4,92,4500000,10.814,FALSE
The Bear,12,82,21/10/1988,7,329,25000000,4.463,TRUE
Don't Be a Menace to South Central While Drinking Your Juice in the Hood,35,5441,12/01/1996,6.9,829,3800000,3.276,TRUE
Benedetta,18,8997,09/07/2021,6.6,157,24350000,7.764,FALSE
Jack and Jill,35,8000,11/11/2011,4.3,1669,79000000,9.491,TRUE
The Wild,10751,2,06/03/2006,5.5,797,80000000,4.614,FALSE
Locked Down,35,110799,25/02/2021,5.5,129,10000000,14.354,FALSE
Guardians,28,94075,14/02/2017,4.9,578,5400000,1.876,FALSE
The Ten Commandments,18,4,05/10/1956,7.7,1043,13000000,6.014,TRUE
Scarface,28,33,09/12/1983,8.2,8749,25000000,16.028,TRUE
Casper,14,11098,26/05/1995,6.3,3686,50000000,7.667,TRUE
The Mummy,12,33,16/04/1999,6.9,7056,80000000,7.902,TRUE
Extraction,18,106544,24/04/2020,7.4,4227,65000000,13.942,FALSE
Gods of Egypt,28,3528,25/02/2016,5.6,3312,140000000,6.071,TRUE
Carrie,18,11581,16/10/2013,6,3708,30000000,37.68,TRUE
Night at the Museum: Secret of the Tomb,12,20478,17/12/2014,6.2,4837,127000000,8.883,TRUE
Monster House,16,11395,30/06/2006,6.6,3031,75000000,1.041,TRUE
The Terminator,28,41,26/10/1984,7.6,9947,6400000,9.184,TRUE
Shooter,28,4,22/03/2007,7.1,3652,61000000,21.262,TRUE
Leprechaun,35,4063,08/01/1993,5.6,521,900000,3.382,TRUE
Happy Feet,16,2537,16/11/2006,6.1,4020,100000000,7.521,TRUE
The Godfather: Part II,18,4,20/12/1974,8.6,9097,13000000,16.028,TRUE
Hocus Pocus,35,2,16/07/1993,7,2026,28000000,1.83,TRUE
Rush Hour 2,28,12,03/08/2001,6.7,2992,90000000,17.745,TRUE
Ghost Rider,53,20241,15/01/2007,5.5,4627,110000000,12.579,TRUE
The Addams Family,10751,258,22/11/1991,7,3436,30000000,1.587,TRUE
The Final Destination,27,48792,26/08/2009,5.6,2424,40000000,12.732,TRUE
Life of Pi,12,711,20/11/2012,7.4,11178,120000000,1.67,TRUE
The Paperboy,53,695,14/09/2012,5.6,578,12500000,9.064,FALSE
Rogue One: A Star Wars Story,28,1,14/12/2016,7.5,12600,200000000,12.191,TRUE
The Ugly Truth,35,126,24/07/2009,6.5,2866,38000000,13.674,TRUE
Norbit,35,2184,08/02/2007,5.6,1737,10000000,8.248,TRUE
R.I.P.D.,14,33,18/07/2013,5.8,3011,130000000,10.208,FALSE
The Help,18,436,09/08/2011,8.2,5918,25000000,15.796,TRUE
Meet the Robinsons,16,2,23/03/2007,6.9,2163,150000000,1.587,TRUE
The Wolf of Snow Hollow,27,46453,23/10/2020,6.1,193,2000000,0.738,FALSE
Epic,16,9383,15/05/2013,6.5,2213,100000000,10.006,TRUE
Bird Box,53,13778,13/12/2018,6.9,7966,19800000,9.315,FALSE
Addams Family Values,35,258,19/11/1993,6.9,2164,47000000,4.81,TRUE
Astro Boy,16,491,15/10/2009,6.3,1168,10000000,12.579,TRUE
"Crazy, Stupid, Love.",35,174,29/07/2011,7.2,6574,50000000,10.33,TRUE
Outcast,28,8976,26/09/2014,5,356,25000000,10.921,FALSE
Scooby-Doo 2: Monsters Unleashed,9648,748,24/03/2004,6,2102,80000000,3.353,TRUE
Pride & Prejudice,18,10146,16/09/2005,8.1,6125,28000000,10.597,TRUE
Warcraft,28,923,25/05/2016,6.3,5532,160000000,7.537,TRUE
War Room,18,144570,28/08/2015,7.9,332,3000000,0.923,TRUE
Ri¢hie Ri¢h,35,1302,19/12/1994,5.8,1735,40000000,7.758,FALSE
Disobedience,18,21622,10/09/2017,7,869,6000000,22.152,FALSE
The Ridiculous 6,37,2608,11/12/2015,5.1,1066,60000000,9.491,FALSE
The Rugrats Movie,10751,59150,20/11/1998,6.2,442,30000000,4.404,TRUE
The Hunchback of Notre Dame,18,2,21/06/1996,7.1,3994,100000000,2.161,TRUE
Piranha 3D,35,308,20/08/2010,5.4,1672,24000000,19.95,TRUE
Bee Movie,10751,1903,28/10/2007,6,3846,150000000,3.639,TRUE
Alice Through the Looking Glass,12,37455,25/05/2016,6.5,5336,170000000,14.354,TRUE
Bāhubali: The Beginning,28,57946,10/07/2015,7.5,539,25130430,1.866,TRUE
The Human Centipede (First Sequence),27,5652,26/04/2009,5.2,1593,2011799,1.96,FALSE
Minions,10751,6704,17/06/2015,6.4,8976,74000000,9.315,TRUE
The Bourne Legacy,28,33,08/08/2012,6.2,4685,130000000,20.138,TRUE
Neighbors 2: Sorority Rising,35,10338,04/05/2016,5.8,3751,35000000,4.185,TRUE
Falcon Rising,12,39075,05/09/2014,6.2,255,4500000,18.113,FALSE
About Time,18,10163,04/09/2013,7.9,6546,12000000,10.47,TRUE
Star Trek Into Darkness,28,11461,05/05/2013,7.3,7755,190000000,9.949,TRUE
Countdown,27,73118,24/10/2019,6.4,1395,6500000,22.776,TRUE
Green Lantern: First Flight,28,429,28/07/2009,6.9,310,3500000,4.394,FALSE
Man on a Ledge,28,491,13/01/2012,6.4,2064,42000000,10.722,TRUE
Bachelorette,35,4740,23/01/2012,5.5,1029,3000000,12.374,TRUE
We Are the Nobles,35,58784,28/03/2013,7.8,366,2000000,1.38,FALSE
Tomb Raider,28,10038,05/03/2018,6.4,6412,94000000,12.035,TRUE
Leap Year,10749,58262,08/01/2010,6.9,1626,19000000,13.204,TRUE
Whiplash,18,2266,10/10/2014,8.4,11595,3300000,6.789,TRUE
Final Destination 2,27,12,31/01/2003,6.2,2997,26000000,7.087,TRUE
Eternal Sunshine of the Spotless Mind,878,10146,19/03/2004,8.1,11673,20000000,11.514,TRUE
Skin Trade,53,52254,07/11/2014,6,178,10000000,10.814,FALSE
Pitch Perfect 2,35,12365,07/05/2015,6.9,4665,29000000,6.96,TRUE
Paranormal Activity: The Marked Ones,27,3172,01/01/2014,5.4,1118,5000000,1.805,TRUE
God's Not Dead 2,18,79986,01/04/2016,6.1,310,5000000,7.719,TRUE
Insidious: The Last Key,27,11341,03/01/2018,6.2,2129,10000000,3.43,TRUE
Back to the Future,12,33,03/07/1985,8.3,15814,19000000,4.115,TRUE
Stuart Little 2,10751,5,19/07/2002,5.7,1903,120000000,4.115,TRUE
Scary Movie 4,35,7405,12/04/2006,5.5,2491,45000000,11.66,TRUE
Into the Storm,28,41624,06/08/2014,6,1652,50000000,5.087,TRUE
Pinocchio,14,53334,19/12/2019,6.6,1161,12400000,0.6,TRUE
Silk Road,80,22309,19/02/2021,6.8,113,5900000,5.421,FALSE
Forrest Gump,35,4,06/07/1994,8.5,21631,55000000,24.633,TRUE
2 Guns,28,33,02/08/2013,6.5,3288,61000000,14.704,TRUE
Pocahontas,12,6125,14/06/1995,7,4641,55000000,4.923,TRUE
Doctor Sleep,27,829,30/10/2019,7.2,3012,45000000,9.726,TRUE
Gemini Man,878,82819,02/10/2019,6.4,4029,138000000,18.744,TRUE
Geostorm,28,101832,13/10/2017,6.1,3734,120000000,13.78,TRUE
She's Out of My League,35,54634,11/03/2010,6.4,1587,20000000,4.437,TRUE
The Lego Batman Movie,16,2723,08/02/2017,7.2,3902,80000000,4.792,TRUE
The Call,80,15462,14/03/2013,6.8,2392,13000000,10.809,TRUE
Sleeping Beauty,14,2,17/02/1959,6.9,4155,6000000,0.766,TRUE
Allegiant,12,10227,09/03/2016,6.1,5572,110000000,6.44,TRUE
Final Destination 5,27,48792,12/08/2011,6,2547,47000000,2.625,TRUE
Nacho Libre,35,4,16/06/2006,6.2,1156,35000000,9.183,TRUE
Home on the Range,16,2,02/04/2004,6,1576,110000000,0.84,FALSE
Fireproof,18,9118,26/09/2008,7.4,463,500000,0.849,TRUE
High School,35,25755,03/06/2010,5.8,104,10000000,10.884,FALSE
Everest,18,10246,10/09/2015,6.8,3966,55000000,5.421,TRUE
Batman,14,9993,23/06/1989,7.2,5875,35000000,10,TRUE
Phantom,53,2231,03/01/2013,5.9,235,10000000,8.002,FALSE
Aliens vs Predator: Requiem,14,444,25/12/2007,5.1,2066,40000000,2.201,TRUE
Spies in Disguise,16,7076,04/12/2019,7.7,2103,100000000,18.744,TRUE
Baby on Board,35,3663,09/06/2009,4.9,75,8000000,19.153,FALSE
Jaws,27,1865,18/06/1975,7.6,7883,7000000,4.187,TRUE
Hunter Killer,28,333,19/10/2018,6.8,1589,40000000,13.78,FALSE
Knives Out,35,1632,27/11/2019,7.9,8092,40000000,24.637,TRUE
Midway,10752,110799,06/11/2019,7.1,1704,100000000,7.794,TRUE
Bāhubali 2: The Conclusion,28,57946,27/04/2017,7.3,497,31000000,1.866,TRUE
Rambo: First Blood Part II,28,559,21/05/1985,6.6,2816,44000000,18.24,TRUE
6 Bullets,53,23283,11/09/2012,6,241,10000000,13.147,FALSE
Pretty Woman,10749,9195,23/03/1990,7.4,6070,14000000,8.303,TRUE
The Smurfs,16,2251,29/07/2011,5.8,3017,110000000,6.645,TRUE
The Witch,27,79436,27/01/2015,6.8,5099,4000000,27.186,TRUE
Free Willy,10751,104,16/07/1993,6.2,1370,20000000,1.218,TRUE
The Evil Dead,27,467,10/09/1981,7.3,2721,350000,11.304,TRUE
Johnny English Reborn,80,33,15/09/2011,6.2,2570,45000000,6.134,TRUE
Dolittle,10751,33,01/01/2020,6.8,2746,175000000,16.608,TRUE
American Pie Presents: Band Camp,35,134,30/10/2005,5.5,1670,10000000,6.946,FALSE
The Angry Birds Movie,16,5,11/05/2016,6.2,2845,73000000,6.759,TRUE
Drag Me to Hell,27,33,15/03/2009,6.3,2758,30000000,2.029,TRUE
Blackhat,80,33,13/01/2015,5.4,1609,70000000,13.942,FALSE
Get Out,9648,88934,24/02/2017,7.6,13473,4500000,4.87,TRUE
Solo: A Star Wars Story,878,1,15/05/2018,6.6,6653,250000000,3.089,TRUE
Kama Sutra: A Tale of Love,18,6236,11/09/1996,5.7,112,3000000,6.1,TRUE
Cursed,27,20376,25/02/2005,5.5,496,35000000,7.667,FALSE
The Chronicles of Narnia: The Voyage of the Dawn Treader,12,711,02/12/2010,6.4,4521,155000000,7.061,TRUE
Pearl Harbor,28,130,21/05/2001,6.9,5030,140000000,9.363,TRUE
Cloudy with a Chance of Meatballs 2,16,34,26/09/2013,6.4,2418,78000000,9.118,TRUE
Hostel: Part II,27,35,08/06/2007,5.8,1490,10200000,6.399,TRUE
The Legend of Tarzan,14,79,29/06/2016,5.9,5349,180000000,8.354,TRUE
Home,14,521,18/03/2015,6.8,3249,135000000,7.25,TRUE
Finding Dory,12,3,16/06/2016,7.1,10218,200000000,8.199,TRUE
Due Date,35,923,04/11/2010,6.3,4380,65000000,16.608,TRUE
Miss March,35,3638,13/03/2009,5.5,258,6000000,0.656,FALSE
God's Not Dead,18,6427,21/03/2014,6,705,17000000,4.585,TRUE
ParaNorman,10751,10146,03/08/2012,6.9,1980,60000000,4.531,TRUE
Looper,28,559,26/09/2012,6.8,8567,30000000,9.437,TRUE
Dragon Blade,28,74459,19/02/2015,6.3,423,65000000,17.745,TRUE
The Pursuit of Happyness,18,1423,14/12/2006,7.9,7832,55000000,18.744,TRUE
Left Behind,53,16558,03/10/2014,4.2,1047,16000000,12.579,TRUE
Peter Rabbit,16,5,07/02/2018,6.7,1343,50000000,2.107,TRUE
First Blood,28,41,22/10/1982,7.4,4660,15000000,18.24,TRUE
Percy Jackson: Sea of Monsters,12,711,07/08/2013,6,4300,90000000,5.789,TRUE
Green Book,18,6735,16/11/2018,8.3,8434,23000000,9.165,TRUE
Paranormal Activity: Tokyo Night,27,18764,20/11/2010,6.1,317,1350000,2.582,TRUE
Iron Sky,28,7330,10/03/2012,5.7,1225,7500000,3.263,TRUE
The Blair Witch Project,27,15160,14/07/1999,6.3,3516,60000,0.782,TRUE
Bordello of Blood,27,33,16/08/1996,5.9,262,15000000,1.823,FALSE
Boss Level,28,99321,19/02/2021,6.9,779,45000000,12.644,FALSE
Jack the Giant Slayer,14,12,27/02/2013,5.8,4202,195000000,6.336,TRUE
Get the Gringo,28,152,15/03/2012,6.5,1227,35000000,11.599,FALSE
The Road to El Dorado,10751,521,31/03/2000,7.2,2998,95000000,5.628,FALSE
The Huntsman: Winter's War,28,16314,06/04/2016,6.3,4043,115000000,13.942,TRUE
Justice League: War,16,9993,02/02/2014,7.6,778,3500000,9.488,TRUE
Jeepers Creepers,27,60,01/07/2001,6.4,2141,10000000,2.369,TRUE
Rocky IV,18,8880,21/11/1985,7,3236,31000000,18.24,TRUE
Semen Demon,27,75584,29/07/2005,5.8,9,10000,1.4,TRUE
Straight Outta Compton,18,63924,11/08/2015,7.8,2987,28000000,0.996,TRUE
Predestination,878,10950,28/08/2014,7.4,5037,5500000,10.169,FALSE
Alien,27,19747,25/05/1979,8.1,11102,11000000,11.102,TRUE
The Spy Next Door,28,46062,15/01/2010,5.9,990,28000000,17.745,TRUE
Space Jam,16,174,15/11/1996,6.9,4797,80000000,0.919,TRUE
"As Above, So Below",27,66930,14/08/2014,6.7,2520,5000000,10.024,TRUE
Pan's Labyrinth,14,2029,25/08/2006,7.7,8558,19000000,9.246,TRUE
Schindler's List,18,33,30/11/1993,8.6,12066,22000000,13.321,TRUE
Blade,27,12,21/08/1998,6.7,4538,45000000,7.841,TRUE
The Texas Chain Saw Massacre,27,1197,01/10/1974,7.3,2139,85000,2.021,TRUE
The Raven,80,7295,09/03/2012,6.3,1013,26000000,7.774,TRUE
Akira,16,10920,16/07/1988,8,2894,10000000,0.75,FALSE
Léon: The Professional,80,9,14/09/1994,8.3,11492,16000000,5.828,TRUE
The Texas Chainsaw Massacre: The Beginning,27,56620,06/10/2006,6.1,1276,16000000,6.664,TRUE
The Salvation,18,8275,22/05/2014,6.4,630,10500000,12.952,FALSE
Mr. Popper's Penguins,35,1302,17/06/2011,5.9,2309,55000000,11.514,TRUE
Night of the Living Dead,27,13282,19/10/1990,6.8,630,4200000,1.555,TRUE
Ballerina,16,91331,14/12/2016,7.2,1544,30000000,14.568,FALSE
The Lovely Bones,14,11,19/02/2009,7,3623,65000000,4.414,TRUE
Father There Is Only One,35,91991,02/08/2019,7.1,239,3400000,1.376,TRUE
Horton Hears a Who!,16,9383,03/03/2008,6.5,2589,85000000,11.514,TRUE
Artemis Fowl,12,11391,12/06/2020,5.7,1276,125000000,0.98,FALSE
Perfume: The Story of a Murderer,80,1208,13/09/2006,7.3,3431,50000000,9.105,TRUE
Hereditary,27,24277,07/06/2018,7.2,5392,10000000,6.573,TRUE
Hannah Montana: The Movie,35,3812,10/04/2009,6.6,1671,35000000,3.538,TRUE
London Has Fallen,28,1020,02/03/2016,6.1,3787,60000000,13.78,TRUE
Saw IV,27,2061,25/10/2007,6.2,2787,10000000,10.352,TRUE
The Sword in the Stone,16,2,25/12/1963,7.3,3053,3000000,2.988,TRUE
Tower Heist,28,33,02/11/2011,6,2313,75000000,8.883,TRUE
Blood Diamond,18,449,26/01/2006,7.5,5925,100000000,17.509,TRUE
Armageddon,28,9195,01/07/1998,6.8,6253,140000000,19.242,TRUE
Death Note,14,6755,17/06/2006,7,478,20000000,2.282,TRUE
The Lorax,16,33,01/03/2012,6.5,2653,70000000,9.064,TRUE
The Santa Clause,14,2,11/11/1994,6.4,1475,22000000,8.851,TRUE
The 5th Wave,878,34034,14/01/2016,5.9,4929,38000000,37.68,TRUE
Independence Day,28,25,25/06/1996,6.8,7687,75000000,18.744,TRUE
Mission: Impossible,12,4,22/05/1996,6.9,6690,80000000,17.341,TRUE
Mainstream,35,7625,07/05/2021,5.2,29,5000000,52.569,FALSE
House of Wax,27,79,30/04/2005,5.9,2222,40000000,22.267,TRUE
The Imitation Game,36,38145,14/11/2014,8,14052,14000000,17.327,TRUE
Don't Kill It,14,36685,27/08/2016,6.2,152,3500000,10.814,FALSE
The Scorpion King 3: Battle for Redemption,28,17009,17/01/2012,4.5,247,5000000,4.85,FALSE
Ouija,27,88762,24/10/2014,5.1,2254,5000000,10.378,TRUE
Ticking Clock,28,6724,04/01/2011,5.5,46,6000000,3.642,FALSE
Facing the Giants,18,73120,29/09/2006,7.5,287,100000,0.6,TRUE
Licorice Pizza,18,178,26/11/2021,6,1,40000000,1.996,FALSE
Happy Feet Two,16,28381,18/11/2011,6.1,1176,130000000,7.521,TRUE
"Batman: The Dark Knight Returns, Part 1",878,429,21/08/2012,7.8,1142,3500000,6.585,FALSE
Cats & Dogs,10751,79,04/07/2001,5.4,1253,60000000,5.033,TRUE
Hachi: A Dog's Tale,18,7419,13/06/2009,8,5366,16000000,8.303,TRUE
Se7en,80,12,22/09/1995,8.3,16088,33000000,18.307,TRUE
A Nightmare on Elm Street,27,12,09/11/1984,7.3,3747,1800000,2.102,TRUE
Mama,27,33,17/01/2013,6.2,3426,15000000,7.692,TRUE
The Jungle Book,10751,2,07/04/2016,6.9,6872,175000000,1.38,TRUE
Transporter 3,28,6877,26/11/2008,6.1,2612,30000000,31.819,TRUE
Mr. Peabody & Sherman,16,520,07/02/2014,6.7,1921,145000000,2.28,TRUE
Saw V,27,1632,23/10/2008,6.2,2582,10800000,10.352,TRUE
Saw II,27,1053,28/10/2005,6.6,3972,4000000,10.352,TRUE
The Transporter,28,356,02/10/2002,6.7,4127,21000000,31.819,TRUE
Atomic Blonde,28,10146,26/07/2017,6.4,5186,30000000,16.795,TRUE
GoodFellas,18,8880,12/09/1990,8.5,9528,25000000,9.978,TRUE
Along with the Gods: The Two Worlds,18,7819,14/12/2017,8.1,456,18300000,1.292,TRUE
Saw III,27,2061,27/10/2006,6.4,3330,10000000,10.352,TRUE
King Kong,12,33,12/12/2005,6.8,6295,207000000,9.026,TRUE
Chicken Run,16,521,21/06/2000,6.7,3832,45000000,11.599,TRUE
Camp Cool Kids,10751,65623,11/07/2017,5.7,28,1000000,3.877,FALSE
Space Pirate Captain Harlock,16,5542,07/09/2013,6.6,843,30000000,5.081,FALSE
Ong Bak 2,12,3182,04/12/2008,6.4,473,8500000,5.583,TRUE
Christmas with the Kranks,35,497,24/11/2004,6,770,60000000,8.851,FALSE
Shrek the Halls,12,521,28/11/2007,6.2,588,60000000,6.968,FALSE
Chinese Zodiac,28,2726,20/12/2012,6.2,608,48000000,17.745,TRUE
Superfast!,35,11565,05/03/2015,5,278,20000000,1.394,FALSE
The Curious Case of Benjamin Button,18,4,25/12/2008,7.6,10186,150000000,21.308,TRUE
Last Christmas,35,33,07/11/2019,7.3,1663,30000000,11.097,TRUE
Sinbad: Legend of the Seven Seas,10751,521,02/07/2003,6.9,1565,60000000,21.308,TRUE
Monsters vs Aliens,16,521,19/03/2009,6.2,3646,175000000,8.869,TRUE
Kill Bill: Vol. 1,28,14,10/10/2003,8,13944,30000000,10.708,TRUE
Little Man,35,1608,31/08/2006,5.9,1255,64000000,4.103,TRUE
Kick-Ass 2,28,5374,17/07/2013,6.4,5057,28000000,6.554,TRUE
Insidious: Chapter 3,27,34,04/06/2015,6.3,2637,10000000,7.255,TRUE
The Thing,27,33,25/06/1982,8,4947,15000000,11.4,TRUE
What Happened to Monday,878,7561,18/08/2017,7.2,5028,20000000,12.107,TRUE
90 Minutes in Heaven,18,68117,11/09/2015,6.2,112,5000000,5.7,FALSE
Frankenweenie,16,8601,04/10/2012,6.9,2557,39000000,3.794,TRUE
The Next Three Days,10749,6320,18/11/2010,7.1,2228,30000000,9.54,TRUE
High School Musical,35,42053,20/01/2006,6.6,3861,4200000,9.064,FALSE
Overboard,10749,8573,13/04/2018,6.6,1092,12000000,11.66,TRUE
It's a Wonderful Life,18,11770,20/12/1946,8.3,3096,3180000,5.488,TRUE
Mission: Impossible III,12,4,03/05/2006,6.7,5120,150000000,17.341,TRUE
The Happening,53,444,11/06/2008,5.3,2645,60000000,21.262,TRUE
War of the Worlds,12,4,28/06/2005,6.5,6549,132000000,17.341,TRUE
Friday the 13th,27,12,11/02/2009,5.8,1904,19000000,5.955,TRUE
Huevos: Little Rooster's Egg-Cellent Adventure,16,37938,04/09/2015,7,167,5300000,1.723,TRUE
Who Framed Roger Rabbit,14,56,21/06/1988,7.5,4423,70000000,2.013,TRUE
Scott Pilgrim vs. the World,35,33,12/08/2010,7.4,6015,85000000,4.537,FALSE
Thir13en Ghosts,27,1786,26/10/2001,6.2,1511,42000000,2.536,TRUE
The Mummy,14,90517,06/06/2017,5.5,5951,125000000,17.341,TRUE
Texas Chainsaw 3D,27,925,03/01/2013,5.5,1178,10000000,24.599,FALSE
No Escape,53,2877,26/08/2015,6.9,2008,5000000,21.902,TRUE
Jeepers Creepers 2,27,53348,08/08/2003,6,1136,17000000,3.613,TRUE
Mary Poppins,35,3166,27/08/1964,7.6,3801,6000000,3.568,TRUE
Jojo Rabbit,35,43,18/10/2019,8.1,6758,14000000,1.052,TRUE
Uncut Gems,18,41077,30/08/2019,7.1,3305,19000000,9.491,TRUE
Catch Me If You Can,18,11084,25/12/2002,7.9,11762,52000000,17.509,TRUE
Bram Stoker's Dracula,10749,70,13/11/1992,7.4,3752,40000000,12.587,TRUE
Bridge to Terabithia,12,60611,15/02/2007,7.3,3659,60000000,6.566,TRUE
After.Life,18,12410,07/11/2009,6.2,817,4500000,7.667,FALSE
Spy,28,7076,06/05/2015,6.8,5086,65000000,10.307,TRUE
Man of Tai Chi,28,14714,04/07/2013,6,671,25000000,0.766,FALSE
Life Is Beautiful,35,370,20/12/1997,8.5,10605,20000000,1.877,TRUE
Freddy's Dead: The Final Nightmare,27,12,05/09/1991,5.3,918,11000000,5.551,TRUE
Van Helsing,27,33,05/05/2004,6.3,4601,160000000,20.496,TRUE
The Hills Have Eyes 2,27,2890,22/03/2007,5.5,1047,15000000,1.231,FALSE
Friday the 13th: The Final Chapter,27,93280,13/04/1984,6.1,900,2600000,1.4,TRUE
I Am Number Four,28,9195,18/02/2011,6.2,3872,50000000,2.898,TRUE
Halloween 4: The Return of Michael Myers,27,15822,21/10/1988,6.1,1058,5000000,7.253,TRUE
Neighbors,35,17393,08/05/2014,6.2,5928,18000000,4.185,TRUE
Lady Bird,18,93105,08/09/2017,7.3,6711,10000000,4.414,TRUE
After Porn Ends,99,12357,21/05/2012,5.7,197,400000,1.918,FALSE
Oz the Great and Powerful,14,16314,07/03/2013,5.9,5786,200000000,6.054,TRUE
The Mist,27,3982,21/11/2007,6.8,3720,18000000,4.507,TRUE
Ouija: Origin of Evil,27,2481,20/10/2016,6.1,1962,9000000,5.541,TRUE
The Emoji Movie,16,5,23/07/2017,5.6,2410,50000000,9.048,TRUE
Underwater,28,7076,08/01/2020,6.3,2261,50000000,28.263,FALSE
Full Metal Jacket,18,50819,26/06/1987,8.1,8090,30000000,4.514,TRUE
Zathura: A Space Adventure,10751,2550,06/11/2005,6.4,2524,65000000,6.566,TRUE
The Greatest Showman,18,7076,20/12/2017,8,7762,84000000,20.496,TRUE
The Return of the Living Dead,35,469,25/04/1985,7.2,1215,4000000,1.69,TRUE
Hulk,28,19551,19/06/2003,5.5,4547,137000000,4.769,TRUE
Watchmen,28,429,04/03/2009,7.3,7222,130000000,4.05,TRUE
Woodlawn,18,34,15/10/2015,7,138,12000000,8.457,TRUE
Lovelace,18,2123,08/08/2013,6,523,10000000,14.127,FALSE
Top Gun,28,4,16/05/1986,7,5050,15000000,17.341,TRUE
Regular Show: The Movie,16,7899,01/09/2015,7.8,251,3000000,1.96,FALSE
The Baytown Outlaws,28,12410,27/08/2012,6.1,234,4000000,6.307,FALSE
1917,10752,33,25/12/2019,8,8927,100000000,5.67,TRUE
The Iceman,53,1872,01/09/2012,6.5,782,20000000,4.961,FALSE
Rocky,18,8880,21/11/1976,7.8,5753,1000000,18.24,TRUE
Jeepers Creepers 3,27,99236,26/09/2017,4.8,592,6200000,2.369,FALSE
Teen Titans Go! To the Movies,16,2785,27/07/2018,7.4,891,10000000,1.298,TRUE
Horrible Bosses,35,12,08/07/2011,6.6,5226,35000000,9.561,TRUE
Ben 10 Alien Swarm,12,7899,25/11/2009,6.3,238,40000000,4.217,FALSE
Life After Beth,10749,23700,15/08/2014,5.4,522,2400000,6.774,FALSE
The Girl Next Door,35,1171,09/04/2004,6.7,2581,21000000,3.706,TRUE
Vacation,35,12,28/07/2015,6.3,2963,31000000,5.1,TRUE
Battleship,53,33,11/04/2012,5.8,4445,209000000,4.648,TRUE
Bad Boys,28,5,07/04/1995,6.8,4926,19000000,11.96,TRUE
Speed,28,25,09/06/1994,7.1,4646,30000000,30.496,TRUE
Alvin and the Chipmunks: Chipwrecked,35,711,14/12/2011,5.7,1672,75000000,6.029,TRUE
Jason X,27,21783,24/07/2001,4.8,939,11000000,2.234,TRUE
Voyagers,878,148185,08/04/2021,6.2,369,20000000,4.758,FALSE
Rings,27,4,01/02/2017,5,2169,25000000,9.341,TRUE
Missing Link,10751,11537,04/04/2019,7,629,100000000,20.496,FALSE
The Cabin in the Woods,27,1632,12/04/2012,6.6,6204,30000000,13.942,TRUE
Scream,80,7405,20/12/1996,7.3,4596,14000000,8.22,TRUE
Ben-Hur,28,21,17/08/2016,5.7,1393,100000000,1.469,FALSE
Dunkirk,10752,174,19/07/2017,7.5,13440,100000000,4.458,TRUE
Wrong Turn 6: Last Resort,27,47,22/08/2014,5.3,572,1200000,0.98,FALSE
Bruce Almighty,14,160,23/05/2003,6.7,8765,80000000,11.514,TRUE
The Unborn,27,134,09/01/2009,5.2,1085,16000000,9.383,TRUE
Big Fish & Begonia,16,58209,08/07/2016,7.5,317,4531653,0.962,TRUE
Friday the 13th Part VI: Jason Lives,27,80658,01/08/1986,6.2,800,3000000,1.4,TRUE
A Tale of Two Sisters,18,3616,13/06/2003,7.1,799,15050245,3.553,FALSE
Justice League: The New Frontier,28,2785,26/02/2008,6.9,379,3500000,5.024,TRUE
Journey to the Center of the Earth,28,12,10/07/2008,6,3859,45000000,7.902,TRUE
